year,ltla.name,fem_dsr
2007,Adur,119.8229542
2008,Adur,109.8652989
2009,Adur,85.0475746
2010,Adur,114.8631707
2011,Adur,76.86797139
2012,Adur,94.15842832
2013,Adur,62.28404335
2014,Adur,82.96306292
2007,Allerdale,116.1085624
2008,Allerdale,109.2031507
2009,Allerdale,122.0045412
2010,Allerdale,91.62817302
2011,Allerdale,120.9478508
2012,Allerdale,123.1414867
2013,Allerdale,104.5292197
2014,Allerdale,85.81520678
2007,Amber Valley,85.79658565
2008,Amber Valley,134.4040422
2009,Amber Valley,120.0891023
2010,Amber Valley,69.60704123
2011,Amber Valley,71.06418503
2012,Amber Valley,82.79774846
2013,Amber Valley,80.55123389
2014,Amber Valley,94.77899726
2007,Arun,98.99609852
2008,Arun,98.25169097
2009,Arun,85.63551802
2010,Arun,86.51552216
2011,Arun,78.31070076
2012,Arun,94.98134534
2013,Arun,92.75956682
2014,Arun,79.30604385
2007,Ashfield,118.0979324
2008,Ashfield,125.1101101
2009,Ashfield,95.34360041
2010,Ashfield,99.4013528
2011,Ashfield,109.8791472
2012,Ashfield,98.90142963
2013,Ashfield,98.37147371
2014,Ashfield,88.33128546
2007,Ashford,81.09617484
2008,Ashford,89.50302767
2009,Ashford,102.8311556
2010,Ashford,86.89055375
2011,Ashford,76.07658519
2012,Ashford,60.61408464
2013,Ashford,71.60343602
2014,Ashford,91.11974519
2007,Aylesbury Vale,113.9542295
2008,Aylesbury Vale,98.70985602
2009,Aylesbury Vale,79.99561225
2010,Aylesbury Vale,86.5376521
2011,Aylesbury Vale,87.01110167
2012,Aylesbury Vale,72.34035948
2013,Aylesbury Vale,77.13835349
2014,Aylesbury Vale,63.77083423
2007,Babergh,88.87758789
2008,Babergh,63.9314769
2009,Babergh,64.78728117
2010,Babergh,72.06277305
2011,Babergh,73.34950574
2012,Babergh,73.50364668
2013,Babergh,79.47550847
2014,Babergh,78.645418
2007,Barking and Dagenham,146.1411202
2008,Barking and Dagenham,151.607769
2009,Barking and Dagenham,118.9330579
2010,Barking and Dagenham,119.0245439
2011,Barking and Dagenham,122.0458027
2012,Barking and Dagenham,98.04242848
2013,Barking and Dagenham,124.0335807
2014,Barking and Dagenham,116.6202211
2007,Barnet,91.34390238
2008,Barnet,93.52763384
2009,Barnet,81.4917583
2010,Barnet,80.61816665
2011,Barnet,91.35773291
2012,Barnet,78.74436004
2013,Barnet,72.29262357
2014,Barnet,79.93820048
2007,Barnsley,125.206963
2008,Barnsley,131.1979958
2009,Barnsley,118.1118123
2010,Barnsley,122.9920568
2011,Barnsley,122.5164512
2012,Barnsley,106.2915123
2013,Barnsley,97.46477118
2014,Barnsley,93.14037731
2007,Barrow-in-Furness,112.2809671
2008,Barrow-in-Furness,114.4183302
2009,Barrow-in-Furness,146.2597985
2010,Barrow-in-Furness,115.6029284
2011,Barrow-in-Furness,132.3617812
2012,Barrow-in-Furness,106.5013143
2013,Barrow-in-Furness,97.50881142
2014,Barrow-in-Furness,114.8626998
2007,Basildon,120.5592012
2008,Basildon,93.48784209
2009,Basildon,85.08823572
2010,Basildon,93.74452991
2011,Basildon,104.4618037
2012,Basildon,79.96232798
2013,Basildon,94.96445137
2014,Basildon,97.89496652
2007,Basingstoke and Deane,96.16396792
2008,Basingstoke and Deane,104.4048793
2009,Basingstoke and Deane,97.69596971
2010,Basingstoke and Deane,97.88898813
2011,Basingstoke and Deane,101.3535661
2012,Basingstoke and Deane,101.1655036
2013,Basingstoke and Deane,80.593763
2014,Basingstoke and Deane,96.73132556
2007,Bassetlaw,114.6711768
2008,Bassetlaw,90.00541036
2009,Bassetlaw,112.2627324
2010,Bassetlaw,95.31685937
2011,Bassetlaw,79.21262394
2012,Bassetlaw,108.7942224
2013,Bassetlaw,85.62915838
2014,Bassetlaw,86.5080818
2007,Bath and North East Somerset,88.15287684
2008,Bath and North East Somerset,83.13314609
2009,Bath and North East Somerset,96.6375611
2010,Bath and North East Somerset,80.09147417
2011,Bath and North East Somerset,83.00428438
2012,Bath and North East Somerset,78.13165553
2013,Bath and North East Somerset,83.09978618
2014,Bath and North East Somerset,53.83523261
2007,Bedford,80.34837706
2008,Bedford,120.4889285
2009,Bedford,106.357472
2010,Bedford,111.3344355
2011,Bedford,111.9536445
2012,Bedford,83.71191615
2013,Bedford,87.54777772
2014,Bedford,83.50302531
2007,Bexley,98.71311471
2008,Bexley,103.6164051
2009,Bexley,81.99491822
2010,Bexley,71.02346671
2011,Bexley,75.82564586
2012,Bexley,65.13023204
2013,Bexley,91.11996152
2014,Bexley,77.70801721
2007,Birmingham,131.8249318
2008,Birmingham,131.771405
2009,Birmingham,124.0206246
2010,Birmingham,121.6588047
2011,Birmingham,118.4277812
2012,Birmingham,113.2121116
2013,Birmingham,106.3711619
2014,Birmingham,113.7723354
2007,Blaby,100.4284471
2008,Blaby,106.652933
2009,Blaby,56.17449935
2010,Blaby,109.0078175
2011,Blaby,73.45028427
2012,Blaby,105.098608
2013,Blaby,69.47384366
2014,Blaby,89.12922861
2007,Blackburn with Darwen,169.4872324
2008,Blackburn with Darwen,166.5922919
2009,Blackburn with Darwen,154.7085178
2010,Blackburn with Darwen,164.1161922
2011,Blackburn with Darwen,118.9590835
2012,Blackburn with Darwen,133.5334215
2013,Blackburn with Darwen,123.7238652
2014,Blackburn with Darwen,101.2788011
2007,Blackpool,144.9685197
2008,Blackpool,138.4324687
2009,Blackpool,141.2929453
2010,Blackpool,136.8291141
2011,Blackpool,146.4444515
2012,Blackpool,134.9386282
2013,Blackpool,126.1748562
2014,Blackpool,136.1381997
2007,Bolsover,110.1663941
2008,Bolsover,155.1616241
2009,Bolsover,134.1632986
2010,Bolsover,127.9595716
2011,Bolsover,78.42636348
2012,Bolsover,105.5123482
2013,Bolsover,116.6871444
2014,Bolsover,104.971385
2007,Bolton,148.3777135
2008,Bolton,130.521021
2009,Bolton,117.3375368
2010,Bolton,121.4378051
2011,Bolton,111.1985058
2012,Bolton,115.879706
2013,Bolton,102.2907169
2014,Bolton,92.73365891
2007,Boston,129.4146308
2008,Boston,136.3631396
2009,Boston,114.2347685
2010,Boston,115.1586446
2011,Boston,106.331381
2012,Boston,84.66801099
2013,Boston,58.94442638
2014,Boston,117.9796239
2007,Bournemouth,98.52347055
2008,Bournemouth,100.863921
2009,Bournemouth,82.35227803
2010,Bournemouth,98.54920232
2011,Bournemouth,92.84299894
2012,Bournemouth,86.12606153
2013,Bournemouth,101.1893259
2014,Bournemouth,99.54416233
2007,Bracknell Forest,109.1713348
2008,Bracknell Forest,97.72015337
2009,Bracknell Forest,118.4584955
2010,Bracknell Forest,60.49045876
2011,Bracknell Forest,87.42260589
2012,Bracknell Forest,78.98788071
2013,Bracknell Forest,68.46906626
2014,Bracknell Forest,55.97519089
2007,Bradford,134.4206701
2008,Bradford,134.4509537
2009,Bradford,121.2658981
2010,Bradford,114.5127231
2011,Bradford,117.5644661
2012,Bradford,109.0912194
2013,Bradford,127.7060163
2014,Bradford,112.5824702
2007,Braintree,74.06599534
2008,Braintree,96.56414082
2009,Braintree,105.8327887
2010,Braintree,86.80438927
2011,Braintree,94.29179813
2012,Braintree,76.97643601
2013,Braintree,76.0381477
2014,Braintree,66.97087913
2007,Breckland,110.2149537
2008,Breckland,102.2669341
2009,Breckland,114.67287
2010,Breckland,96.70353646
2011,Breckland,70.61919358
2012,Breckland,69.10997354
2013,Breckland,103.568837
2014,Breckland,80.3476336
2007,Brent,107.7453889
2008,Brent,120.8114848
2009,Brent,94.34030153
2010,Brent,105.9265282
2011,Brent,88.21243151
2012,Brent,106.13481
2013,Brent,92.97399585
2014,Brent,83.62812163
2007,Brentwood,88.15229331
2008,Brentwood,133.7395511
2009,Brentwood,101.1056662
2010,Brentwood,58.494116
2011,Brentwood,65.6534533
2012,Brentwood,110.9227085
2013,Brentwood,76.11633349
2014,Brentwood,102.2844832
2007,Brighton and Hove,122.8429245
2008,Brighton and Hove,102.3897717
2009,Brighton and Hove,112.0043462
2010,Brighton and Hove,99.41361877
2011,Brighton and Hove,78.53179073
2012,Brighton and Hove,89.43949668
2013,Brighton and Hove,81.89509104
2014,Brighton and Hove,71.41553034
2007,Bristol,121.2864407
2008,Bristol,116.7033872
2009,Bristol,107.8549464
2010,Bristol,107.3736016
2011,Bristol,104.9744567
2012,Bristol,96.97009947
2013,Bristol,105.1839533
2014,Bristol,92.42293489
2007,Broadland,72.98647126
2008,Broadland,76.17169953
2009,Broadland,71.70238304
2010,Broadland,73.89257105
2011,Broadland,78.23012908
2012,Broadland,91.1571161
2013,Broadland,68.40492241
2014,Broadland,59.30909539
2007,Bromley,100.5458618
2008,Bromley,92.6295939
2009,Bromley,72.6255626
2010,Bromley,68.98183111
2011,Bromley,70.38347665
2012,Bromley,74.23053643
2013,Bromley,67.33832104
2014,Bromley,74.6356369
2007,Bromsgrove,90.60266395
2008,Bromsgrove,95.24514422
2009,Bromsgrove,110.3865803
2010,Bromsgrove,68.58322647
2011,Bromsgrove,101.3114518
2012,Bromsgrove,75.2052154
2013,Bromsgrove,95.68796463
2014,Bromsgrove,86.43817299
2007,Broxbourne,112.960901
2008,Broxbourne,103.2432928
2009,Broxbourne,78.86563437
2010,Broxbourne,99.43069377
2011,Broxbourne,83.02860432
2012,Broxbourne,90.31687673
2013,Broxbourne,90.72004405
2014,Broxbourne,74.97272883
2007,Broxtowe,108.73429
2008,Broxtowe,119.3227148
2009,Broxtowe,91.27541418
2010,Broxtowe,50.76056381
2011,Broxtowe,94.72470993
2012,Broxtowe,96.88571738
2013,Broxtowe,80.78019375
2014,Broxtowe,105.0060923
2007,Buckinghamshire,106.8867454
2008,Buckinghamshire,87.94268895
2009,Buckinghamshire,77.57440826
2010,Buckinghamshire,87.64892819
2011,Buckinghamshire,88.84563226
2012,Buckinghamshire,83.6564266
2013,Buckinghamshire,74.50095105
2014,Buckinghamshire,66.75838659
2007,Burnley,148.0357683
2008,Burnley,137.2361457
2009,Burnley,131.2774337
2010,Burnley,116.9434577
2011,Burnley,169.068368
2012,Burnley,129.1677379
2013,Burnley,137.7017459
2014,Burnley,141.1877851
2007,Bury,136.8306719
2008,Bury,92.66834905
2009,Bury,113.1754074
2010,Bury,115.8041211
2011,Bury,90.29268247
2012,Bury,132.1830217
2013,Bury,103.115921
2014,Bury,84.62221773
2007,Calderdale,115.9406262
2008,Calderdale,128.0847456
2009,Calderdale,89.92039123
2010,Calderdale,116.3115516
2011,Calderdale,101.8670439
2012,Calderdale,97.31905666
2013,Calderdale,94.35219559
2014,Calderdale,95.2101318
2007,Cambridge,79.14954118
2008,Cambridge,76.48067555
2009,Cambridge,106.4005269
2010,Cambridge,77.03602161
2011,Cambridge,62.61629307
2012,Cambridge,83.75983442
2013,Cambridge,107.2808831
2014,Cambridge,81.85081882
2007,Cambridgeshire,93.64868435
2008,Cambridgeshire,85.37826638
2009,Cambridgeshire,85.48534438
2010,Cambridgeshire,81.88741925
2011,Cambridgeshire,69.42948365
2012,Cambridgeshire,82.83326225
2013,Cambridgeshire,71.41193588
2014,Cambridgeshire,70.76401593
2007,Camden,124.4740736
2008,Camden,113.9627837
2009,Camden,82.61134456
2010,Camden,78.17587742
2011,Camden,84.39272262
2012,Camden,73.02109094
2013,Camden,70.80945064
2014,Camden,74.07861722
2007,Cannock Chase,115.0458884
2008,Cannock Chase,115.8326827
2009,Cannock Chase,126.0133245
2010,Cannock Chase,74.44922632
2011,Cannock Chase,66.37346592
2012,Cannock Chase,113.0751453
2013,Cannock Chase,102.1924128
2014,Cannock Chase,74.39057351
2007,Canterbury,120.3359833
2008,Canterbury,87.08248866
2009,Canterbury,108.291629
2010,Canterbury,97.42307136
2011,Canterbury,82.81374973
2012,Canterbury,67.43026177
2013,Canterbury,77.3859085
2014,Canterbury,83.65295784
2007,Carlisle,134.2095929
2008,Carlisle,123.9109961
2009,Carlisle,119.681441
2010,Carlisle,99.35817668
2011,Carlisle,101.6349777
2012,Carlisle,112.0128332
2013,Carlisle,96.71299766
2014,Carlisle,96.88705798
2007,Castle Point,121.2634638
2008,Castle Point,61.86215569
2009,Castle Point,74.77425387
2010,Castle Point,85.09714355
2011,Castle Point,87.46599059
2012,Castle Point,89.02098049
2013,Castle Point,79.57449465
2014,Castle Point,87.11765718
2007,Central Bedfordshire,130.663854
2008,Central Bedfordshire,106.3521415
2009,Central Bedfordshire,92.98721345
2010,Central Bedfordshire,92.91849777
2011,Central Bedfordshire,84.01729623
2012,Central Bedfordshire,79.82420365
2013,Central Bedfordshire,95.24349982
2014,Central Bedfordshire,87.29419609
2007,Charnwood,89.52393303
2008,Charnwood,91.5680415
2009,Charnwood,95.55295124
2010,Charnwood,80.97995063
2011,Charnwood,100.4753796
2012,Charnwood,78.25442909
2013,Charnwood,92.60711008
2014,Charnwood,77.35329734
2007,Chelmsford,104.7210049
2008,Chelmsford,92.12436983
2009,Chelmsford,71.27135756
2010,Chelmsford,75.24458417
2011,Chelmsford,79.99290409
2012,Chelmsford,70.50569967
2013,Chelmsford,79.54840931
2014,Chelmsford,73.41887748
2007,Cheltenham,99.18378543
2008,Cheltenham,83.16793887
2009,Cheltenham,87.59207336
2010,Cheltenham,80.91502288
2011,Cheltenham,86.84676289
2012,Cheltenham,89.28565128
2013,Cheltenham,83.75590627
2014,Cheltenham,63.40242375
2007,Cherwell,87.82160133
2008,Cherwell,92.04040261
2009,Cherwell,85.59321599
2010,Cherwell,62.74227722
2011,Cherwell,84.83857233
2012,Cherwell,82.77451167
2013,Cherwell,86.72094128
2014,Cherwell,53.98559147
2007,Cheshire East,97.83719296
2008,Cheshire East,104.2873417
2009,Cheshire East,103.0495652
2010,Cheshire East,85.2959978
2011,Cheshire East,87.86153328
2012,Cheshire East,85.84152252
2013,Cheshire East,90.51961845
2014,Cheshire East,81.98868117
2007,Cheshire West and Chester,97.9813303
2008,Cheshire West and Chester,102.7549302
2009,Cheshire West and Chester,103.6641395
2010,Cheshire West and Chester,97.30834033
2011,Cheshire West and Chester,99.12587938
2012,Cheshire West and Chester,90.52328256
2013,Cheshire West and Chester,73.09051055
2014,Cheshire West and Chester,80.25825996
2007,Chesterfield,100.3156196
2008,Chesterfield,111.2716395
2009,Chesterfield,96.59417206
2010,Chesterfield,110.5488876
2011,Chesterfield,117.5776466
2012,Chesterfield,133.3167204
2013,Chesterfield,86.31023305
2014,Chesterfield,100.806652
2007,Chichester,89.68938547
2008,Chichester,74.83895278
2009,Chichester,81.27390908
2010,Chichester,79.78629938
2011,Chichester,85.13520944
2012,Chichester,83.38604231
2013,Chichester,64.42165
2014,Chichester,64.52884633
2007,Chiltern,98.87837202
2008,Chiltern,79.53063525
2009,Chiltern,73.64346756
2010,Chiltern,83.63325711
2011,Chiltern,69.16469092
2012,Chiltern,74.15300968
2013,Chiltern,71.19629949
2014,Chiltern,46.34153554
2007,Chorley,104.5661163
2008,Chorley,124.766401
2009,Chorley,110.938181
2010,Chorley,126.3116163
2011,Chorley,91.98849182
2012,Chorley,90.38829895
2013,Chorley,82.86399429
2014,Chorley,95.04136396
2007,Christchurch,106.9210324
2008,Christchurch,80.08405705
2009,Christchurch,53.84765983
2010,Christchurch,136.3287879
2011,Christchurch,65.43343666
2012,Christchurch,85.78708195
2013,Christchurch,77.01259029
2014,Christchurch,73.67393019
2007,City of London,51.48449061
2008,City of London,44.66823411
2009,City of London,51.02887565
2010,City of London,67.95680275
2011,City of London,0
2012,City of London,28.63571868
2013,City of London,99.23884665
2014,City of London,44.67077638
2007,Colchester,87.01145427
2008,Colchester,88.97503957
2009,Colchester,88.90006335
2010,Colchester,83.29713858
2011,Colchester,82.3177524
2012,Colchester,96.98831792
2013,Colchester,86.13675131
2014,Colchester,86.37039764
2007,Copeland,94.55471406
2008,Copeland,140.0139295
2009,Copeland,102.260563
2010,Copeland,102.9949798
2011,Copeland,111.4083758
2012,Copeland,106.8307821
2013,Copeland,141.4085166
2014,Copeland,137.0652819
2007,Corby,127.7675134
2008,Corby,133.647754
2009,Corby,117.4632652
2010,Corby,111.1159563
2011,Corby,105.6463022
2012,Corby,145.9130476
2013,Corby,124.2047727
2014,Corby,97.60777397
2007,Cornwall,98.65537607
2008,Cornwall,101.643149
2009,Cornwall,93.02953422
2010,Cornwall,84.10442169
2011,Cornwall,87.4565968
2012,Cornwall,75.91673447
2013,Cornwall,82.57267803
2014,Cornwall,82.82524461
2007,Cotswold,98.61686296
2008,Cotswold,92.68066472
2009,Cotswold,83.89059536
2010,Cotswold,74.40343589
2011,Cotswold,73.50170465
2012,Cotswold,73.85162146
2013,Cotswold,96.38304492
2014,Cotswold,45.32641299
2007,County Durham,120.7218924
2008,County Durham,116.7990624
2009,County Durham,114.1012616
2010,County Durham,92.49177254
2011,County Durham,116.8639254
2012,County Durham,102.2474003
2013,County Durham,112.8274514
2014,County Durham,104.7677908
2007,Coventry,137.9521603
2008,Coventry,120.0280274
2009,Coventry,114.3195519
2010,Coventry,130.5438973
2011,Coventry,104.5487397
2012,Coventry,100.015362
2013,Coventry,89.38029604
2014,Coventry,105.8455284
2007,Craven,91.92565407
2008,Craven,87.5362826
2009,Craven,79.49176987
2010,Craven,73.39708761
2011,Craven,101.0399243
2012,Craven,72.91757429
2013,Craven,56.10523327
2014,Craven,90.60027043
2007,Crawley,94.07465768
2008,Crawley,99.85764504
2009,Crawley,112.0471851
2010,Crawley,122.1520151
2011,Crawley,132.9482719
2012,Crawley,115.3290991
2013,Crawley,95.6233779
2014,Crawley,111.5598104
2007,Croydon,90.57983015
2008,Croydon,88.79162834
2009,Croydon,95.2873525
2010,Croydon,93.70350992
2011,Croydon,104.2525161
2012,Croydon,86.43773165
2013,Croydon,76.91778358
2014,Croydon,91.05242183
2007,Cumbria,110.2326877
2008,Cumbria,111.8430456
2009,Cumbria,110.4540588
2010,Cumbria,95.81151586
2011,Cumbria,103.3173768
2012,Cumbria,103.234098
2013,Cumbria,99.99532916
2014,Cumbria,92.79762595
2007,Dacorum,91.76839226
2008,Dacorum,106.5740161
2009,Dacorum,93.292242
2010,Dacorum,87.40959549
2011,Dacorum,68.48807401
2012,Dacorum,90.81130742
2013,Dacorum,74.42654615
2014,Dacorum,75.13825172
2007,Darlington,158.6767093
2008,Darlington,100.4455542
2009,Darlington,100.3822752
2010,Darlington,112.8907745
2011,Darlington,98.93664135
2012,Darlington,81.00934645
2013,Darlington,77.94979982
2014,Darlington,120.1201038
2007,Dartford,113.4388541
2008,Dartford,105.034071
2009,Dartford,110.2510417
2010,Dartford,128.9090761
2011,Dartford,97.30290405
2012,Dartford,67.91196282
2013,Dartford,109.577271
2014,Dartford,117.8449699
2007,Daventry,118.4650718
2008,Daventry,69.32281398
2009,Daventry,79.00733482
2010,Daventry,68.54944151
2011,Daventry,87.42418487
2012,Daventry,96.57165979
2013,Daventry,87.04451001
2014,Daventry,86.17049253
2007,Derby,104.1030352
2008,Derby,127.6741639
2009,Derby,122.2252453
2010,Derby,116.0356995
2011,Derby,98.05176523
2012,Derby,110.6433816
2013,Derby,101.2665932
2014,Derby,96.10131251
2007,Derbyshire,110.6193961
2008,Derbyshire,117.270601
2009,Derbyshire,99.63348652
2010,Derbyshire,91.49472842
2011,Derbyshire,90.39606307
2012,Derbyshire,90.94017309
2013,Derbyshire,88.58246337
2014,Derbyshire,87.47241884
2007,Derbyshire Dales,87.62046767
2008,Derbyshire Dales,61.00795621
2009,Derbyshire Dales,49.35634482
2010,Derbyshire Dales,59.17764836
2011,Derbyshire Dales,82.91481053
2012,Derbyshire Dales,61.32661567
2013,Derbyshire Dales,71.59273297
2014,Derbyshire Dales,65.80372894
2007,Devon,94.5607841
2008,Devon,85.00632497
2009,Devon,91.88769698
2010,Devon,83.78504049
2011,Devon,82.2754377
2012,Devon,80.75122645
2013,Devon,74.17641319
2014,Devon,75.87916773
2007,Doncaster,116.5620801
2008,Doncaster,123.4935418
2009,Doncaster,100.5085166
2010,Doncaster,122.3435084
2011,Doncaster,106.346783
2012,Doncaster,115.9434098
2013,Doncaster,101.434272
2014,Doncaster,107.8096926
2007,Dorset,91.30000756
2008,Dorset,79.67157548
2009,Dorset,72.14672298
2010,Dorset,72.51244527
2011,Dorset,73.00813767
2012,Dorset,70.82097786
2013,Dorset,61.3265166
2014,Dorset,74.07852124
2007,Dover,130.6785098
2008,Dover,120.8916661
2009,Dover,114.8000816
2010,Dover,86.72268689
2011,Dover,95.00419914
2012,Dover,80.74684106
2013,Dover,105.8317262
2014,Dover,104.271231
2007,Dudley,118.4361765
2008,Dudley,101.8764219
2009,Dudley,95.61320876
2010,Dudley,94.93799989
2011,Dudley,96.75927645
2012,Dudley,95.52243927
2013,Dudley,86.55841566
2014,Dudley,86.76276156
2007,Ealing,103.8129582
2008,Ealing,137.4713965
2009,Ealing,120.7952132
2010,Ealing,94.80997429
2011,Ealing,94.76171446
2012,Ealing,93.64022971
2013,Ealing,100.7026187
2014,Ealing,102.8632085
2007,East Cambridgeshire,90.81279968
2008,East Cambridgeshire,79.77826903
2009,East Cambridgeshire,84.59163778
2010,East Cambridgeshire,81.32917921
2011,East Cambridgeshire,61.49512979
2012,East Cambridgeshire,60.27138891
2013,East Cambridgeshire,40.43458462
2014,East Cambridgeshire,59.73849893
2007,East Devon,86.19551233
2008,East Devon,79.37318872
2009,East Devon,85.84731451
2010,East Devon,67.06437177
2011,East Devon,65.47036782
2012,East Devon,86.3049499
2013,East Devon,73.05647135
2014,East Devon,93.86138319
2007,East Dorset,73.24550186
2008,East Dorset,101.5387397
2009,East Dorset,59.78964246
2010,East Dorset,72.32523971
2011,East Dorset,62.81502374
2012,East Dorset,61.82404393
2013,East Dorset,68.66204018
2014,East Dorset,51.83462343
2007,East Hampshire,79.72316569
2008,East Hampshire,110.7234632
2009,East Hampshire,95.7350433
2010,East Hampshire,53.83325879
2011,East Hampshire,74.49071737
2012,East Hampshire,68.81084996
2013,East Hampshire,84.92580329
2014,East Hampshire,72.36049141
2007,East Hertfordshire,71.64692026
2008,East Hertfordshire,71.79602805
2009,East Hertfordshire,101.6945362
2010,East Hertfordshire,85.46199657
2011,East Hertfordshire,75.71824936
2012,East Hertfordshire,99.08411511
2013,East Hertfordshire,63.0213528
2014,East Hertfordshire,67.9047573
2007,East Lindsey,101.1074619
2008,East Lindsey,93.85980319
2009,East Lindsey,107.9363181
2010,East Lindsey,104.6487655
2011,East Lindsey,96.36396105
2012,East Lindsey,96.3243274
2013,East Lindsey,111.455897
2014,East Lindsey,101.648342
2007,EAST MIDLANDS,112.2346717
2008,EAST MIDLANDS,112.1066378
2009,EAST MIDLANDS,102.5745603
2010,EAST MIDLANDS,92.49333034
2011,EAST MIDLANDS,96.32080211
2012,EAST MIDLANDS,98.71011116
2013,EAST MIDLANDS,91.07239784
2014,EAST MIDLANDS,88.27635762
2007,East Northamptonshire,136.4349919
2008,East Northamptonshire,100.4364995
2009,East Northamptonshire,73.92422278
2010,East Northamptonshire,83.95061322
2011,East Northamptonshire,66.39678144
2012,East Northamptonshire,76.18719969
2013,East Northamptonshire,50.66088126
2014,East Northamptonshire,80.00574198
2007,EAST OF ENGLAND,100.5604945
2008,EAST OF ENGLAND,98.47739989
2009,EAST OF ENGLAND,89.68693474
2010,EAST OF ENGLAND,90.37620833
2011,EAST OF ENGLAND,86.22924898
2012,EAST OF ENGLAND,87.65896405
2013,EAST OF ENGLAND,87.16635747
2014,EAST OF ENGLAND,81.42404799
2007,East Riding of Yorkshire,117.3421367
2008,East Riding of Yorkshire,104.8846357
2009,East Riding of Yorkshire,88.34136891
2010,East Riding of Yorkshire,91.87338829
2011,East Riding of Yorkshire,91.28941484
2012,East Riding of Yorkshire,88.57088643
2013,East Riding of Yorkshire,75.90362666
2014,East Riding of Yorkshire,88.83424767
2007,East Staffordshire,122.7319697
2008,East Staffordshire,110.0586839
2009,East Staffordshire,81.60341737
2010,East Staffordshire,97.1685647
2011,East Staffordshire,90.75500704
2012,East Staffordshire,100.4844884
2013,East Staffordshire,94.73601429
2014,East Staffordshire,106.0552142
2007,East Sussex,97.71844003
2008,East Sussex,95.60824713
2009,East Sussex,89.87573149
2010,East Sussex,80.25005566
2011,East Sussex,88.52379585
2012,East Sussex,98.55950502
2013,East Sussex,86.37710163
2014,East Sussex,83.28733241
2007,Eastbourne,82.85965661
2008,Eastbourne,112.9655272
2009,Eastbourne,82.16496121
2010,Eastbourne,79.50009959
2011,Eastbourne,90.51808839
2012,Eastbourne,121.8519507
2013,Eastbourne,101.0841169
2014,Eastbourne,94.79181704
2007,Eastleigh,90.17004707
2008,Eastleigh,91.63330158
2009,Eastleigh,72.54455764
2010,Eastleigh,68.91251584
2011,Eastleigh,66.30647974
2012,Eastleigh,83.78343913
2013,Eastleigh,92.17606414
2014,Eastleigh,76.84004736
2007,Eden,88.9477316
2008,Eden,102.7308076
2009,Eden,88.57738948
2010,Eden,64.72145617
2011,Eden,68.22505712
2012,Eden,74.9164304
2013,Eden,88.72358725
2014,Eden,62.80443604
2007,Elmbridge,82.59078419
2008,Elmbridge,86.75937137
2009,Elmbridge,91.26274797
2010,Elmbridge,88.94007629
2011,Elmbridge,96.5713392
2012,Elmbridge,52.11879515
2013,Elmbridge,60.14374253
2014,Elmbridge,63.76444862
2007,Enfield,107.4856343
2008,Enfield,123.222844
2009,Enfield,91.71455675
2010,Enfield,97.02843671
2011,Enfield,86.25218305
2012,Enfield,98.7412641
2013,Enfield,88.02124963
2014,Enfield,71.48060192
2007,ENGLAND,112.0160648
2008,ENGLAND,108.3203776
2009,ENGLAND,100.1978446
2010,ENGLAND,96.2713562
2011,ENGLAND,96.2494184
2012,ENGLAND,93.89406936
2013,ENGLAND,91.16131757
2014,ENGLAND,88.66948242
2007,ENGLAND AND WALES,112.9657001
2008,ENGLAND AND WALES,108.8589907
2009,ENGLAND AND WALES,100.8706396
2010,ENGLAND AND WALES,96.97496317
2011,ENGLAND AND WALES,97.08758191
2012,ENGLAND AND WALES,94.78892553
2013,ENGLAND AND WALES,91.85287788
2014,ENGLAND AND WALES,89.13062064
2007,Epping Forest,110.8038758
2008,Epping Forest,97.4587622
2009,Epping Forest,87.37930372
2010,Epping Forest,72.57894536
2011,Epping Forest,87.47532408
2012,Epping Forest,84.40799929
2013,Epping Forest,70.82511821
2014,Epping Forest,96.38089902
2007,Epsom and Ewell,108.2085228
2008,Epsom and Ewell,93.42479007
2009,Epsom and Ewell,45.73093725
2010,Epsom and Ewell,76.45244996
2011,Epsom and Ewell,60.98196778
2012,Epsom and Ewell,61.54524991
2013,Epsom and Ewell,77.62932501
2014,Epsom and Ewell,66.28828717
2007,Erewash,150.3669299
2008,Erewash,85.48942646
2009,Erewash,94.67940387
2010,Erewash,113.8053435
2011,Erewash,91.58282647
2012,Erewash,89.62973815
2013,Erewash,78.45181038
2014,Erewash,95.83477746
2007,Essex,103.6974432
2008,Essex,95.54020639
2009,Essex,83.97058822
2010,Essex,85.17365288
2011,Essex,91.6149405
2012,Essex,87.08343462
2013,Essex,85.07968517
2014,Essex,85.61948317
2007,Exeter,109.3842532
2008,Exeter,100.4047463
2009,Exeter,108.8468632
2010,Exeter,79.60839825
2011,Exeter,89.14708011
2012,Exeter,84.10499305
2013,Exeter,72.64682881
2014,Exeter,89.53163011
2007,Fareham,67.79372743
2008,Fareham,68.57202734
2009,Fareham,72.67651863
2010,Fareham,74.49863984
2011,Fareham,88.91749056
2012,Fareham,90.50567582
2013,Fareham,75.27191751
2014,Fareham,84.16670752
2007,Fenland,122.9871796
2008,Fenland,95.67634497
2009,Fenland,79.6170645
2010,Fenland,94.37127504
2011,Fenland,88.33652654
2012,Fenland,117.1518782
2013,Fenland,86.61144532
2014,Fenland,99.34756786
2007,Forest Heath,87.6291594
2008,Forest Heath,102.466518
2009,Forest Heath,109.0717571
2010,Forest Heath,96.22413427
2011,Forest Heath,79.25253036
2012,Forest Heath,55.4456076
2013,Forest Heath,94.05371569
2014,Forest Heath,87.77490555
2007,Forest of Dean,115.533312
2008,Forest of Dean,126.0531534
2009,Forest of Dean,84.42737397
2010,Forest of Dean,95.28851442
2011,Forest of Dean,92.83166372
2012,Forest of Dean,71.60101586
2013,Forest of Dean,89.92574593
2014,Forest of Dean,72.89502699
2007,Fylde,107.8058688
2008,Fylde,87.00181996
2009,Fylde,125.0802871
2010,Fylde,90.34478186
2011,Fylde,95.81050637
2012,Fylde,90.62854442
2013,Fylde,75.2079766
2014,Fylde,80.0637785
2007,Gateshead,131.4263436
2008,Gateshead,113.1115159
2009,Gateshead,107.9490725
2010,Gateshead,118.61452
2011,Gateshead,117.8916018
2012,Gateshead,130.4406362
2013,Gateshead,92.94663698
2014,Gateshead,104.5041677
2007,Gedling,105.0443095
2008,Gedling,107.9468048
2009,Gedling,94.65438118
2010,Gedling,92.55729074
2011,Gedling,88.0937909
2012,Gedling,116.9003762
2013,Gedling,89.4378942
2014,Gedling,94.09705517
2007,Gloucester,124.4752625
2008,Gloucester,108.6827707
2009,Gloucester,65.57117919
2010,Gloucester,109.8192627
2011,Gloucester,96.39685873
2012,Gloucester,94.7076115
2013,Gloucester,100.7386978
2014,Gloucester,109.5435117
2007,Gloucestershire,104.9715572
2008,Gloucestershire,104.2957918
2009,Gloucestershire,80.33871711
2010,Gloucestershire,85.85749502
2011,Gloucestershire,89.21388653
2012,Gloucestershire,80.59447323
2013,Gloucestershire,92.58902522
2014,Gloucestershire,73.79112795
2007,Gosport,167.3932817
2008,Gosport,133.8596541
2009,Gosport,102.2540614
2010,Gosport,90.66810301
2011,Gosport,100.2948029
2012,Gosport,92.06792551
2013,Gosport,116.1595923
2014,Gosport,107.4351369
2007,Gravesham,105.4182827
2008,Gravesham,76.28221185
2009,Gravesham,90.23880394
2010,Gravesham,100.3490761
2011,Gravesham,69.89163656
2012,Gravesham,103.9950014
2013,Gravesham,109.565179
2014,Gravesham,84.10583058
2007,Great Yarmouth,102.3173448
2008,Great Yarmouth,113.3051785
2009,Great Yarmouth,115.9692818
2010,Great Yarmouth,95.85407812
2011,Great Yarmouth,134.7106155
2012,Great Yarmouth,116.2680752
2013,Great Yarmouth,136.9318374
2014,Great Yarmouth,80.38205689
2007,Greater London,109.7946064
2008,Greater London,111.0621845
2009,Greater London,100.3321511
2010,Greater London,95.16153351
2011,Greater London,93.41928297
2012,Greater London,93.01384918
2013,Greater London,89.81807258
2014,Greater London,90.4580981
2007,Greater Manchester (Met County),147.5996167
2008,Greater Manchester (Met County),132.4256982
2009,Greater Manchester (Met County),126.419101
2010,Greater Manchester (Met County),119.7796413
2011,Greater Manchester (Met County),121.3075031
2012,Greater Manchester (Met County),119.4445562
2013,Greater Manchester (Met County),112.9559831
2014,Greater Manchester (Met County),108.3304427
2007,Greenwich,121.9818015
2008,Greenwich,126.2039324
2009,Greenwich,107.7051594
2010,Greenwich,127.0386423
2011,Greenwich,106.4647491
2012,Greenwich,107.0365839
2013,Greenwich,108.2382559
2014,Greenwich,92.5141869
2007,Guildford,94.92362975
2008,Guildford,92.53635045
2009,Guildford,86.60555676
2010,Guildford,72.41096748
2011,Guildford,68.32490587
2012,Guildford,61.37400397
2013,Guildford,78.61985167
2014,Guildford,69.77023662
2007,Hackney,127.7478497
2008,Hackney,162.5196625
2009,Hackney,126.6147022
2010,Hackney,120.8930695
2011,Hackney,119.0789028
2012,Hackney,121.8973345
2013,Hackney,123.4474209
2014,Hackney,121.6088676
2007,Halton,134.816427
2008,Halton,145.7469425
2009,Halton,120.6679432
2010,Halton,135.7051718
2011,Halton,135.2982692
2012,Halton,133.9754068
2013,Halton,126.5775046
2014,Halton,113.5562441
2007,Hambleton,67.11427717
2008,Hambleton,97.73782065
2009,Hambleton,101.6568748
2010,Hambleton,116.9440929
2011,Hambleton,78.11198321
2012,Hambleton,88.72830224
2013,Hambleton,65.56843272
2014,Hambleton,60.55763354
2007,Hammersmith and Fulham,100.0517325
2008,Hammersmith and Fulham,111.2458723
2009,Hammersmith and Fulham,104.3794496
2010,Hammersmith and Fulham,91.14148544
2011,Hammersmith and Fulham,119.6602574
2012,Hammersmith and Fulham,104.7145745
2013,Hammersmith and Fulham,80.87584685
2014,Hammersmith and Fulham,91.76372508
2007,Hampshire,94.82400718
2008,Hampshire,91.38248888
2009,Hampshire,82.96037434
2010,Hampshire,73.49464479
2011,Hampshire,80.69537522
2012,Hampshire,80.29353578
2013,Hampshire,80.24236061
2014,Hampshire,77.53535506
2007,Harborough,103.0431396
2008,Harborough,74.88263437
2009,Harborough,81.35235578
2010,Harborough,69.78133722
2011,Harborough,86.67212356
2012,Harborough,88.64893549
2013,Harborough,64.52833038
2014,Harborough,70.29391207
2007,Haringey,117.1555316
2008,Haringey,100.6096265
2009,Haringey,104.7917418
2010,Haringey,108.4542479
2011,Haringey,103.0281471
2012,Haringey,102.554853
2013,Haringey,121.2571092
2014,Haringey,100.6027326
2007,Harlow,96.95737722
2008,Harlow,128.064277
2009,Harlow,96.09654357
2010,Harlow,88.65938665
2011,Harlow,128.1889248
2012,Harlow,122.2898428
2013,Harlow,87.08698819
2014,Harlow,93.1853995
2007,Harrogate,98.86667604
2008,Harrogate,100.3658806
2009,Harrogate,74.18666864
2010,Harrogate,82.64408796
2011,Harrogate,89.92296642
2012,Harrogate,91.98880236
2013,Harrogate,59.41302172
2014,Harrogate,77.42298339
2007,Harrow,107.0028492
2008,Harrow,97.15993752
2009,Harrow,81.64593315
2010,Harrow,102.327231
2011,Harrow,75.62667174
2012,Harrow,95.22030518
2013,Harrow,72.96863501
2014,Harrow,82.81226104
2007,Hart,67.20940629
2008,Hart,93.38027845
2009,Hart,91.27275929
2010,Hart,79.79265776
2011,Hart,65.48520818
2012,Hart,56.08668268
2013,Hart,68.89738048
2014,Hart,62.01841382
2007,Hartlepool,144.3836102
2008,Hartlepool,122.8207473
2009,Hartlepool,112.9861382
2010,Hartlepool,128.5511677
2011,Hartlepool,127.9680164
2012,Hartlepool,111.1029992
2013,Hartlepool,92.47240357
2014,Hartlepool,114.2868881
2007,Hastings,126.1060528
2008,Hastings,138.9393324
2009,Hastings,116.1412182
2010,Hastings,114.1740194
2011,Hastings,117.6634332
2012,Hastings,130.851477
2013,Hastings,107.502467
2014,Hastings,117.4223925
2007,Havant,118.7338136
2008,Havant,110.3855002
2009,Havant,92.81593295
2010,Havant,80.22537545
2011,Havant,101.2215399
2012,Havant,75.52162132
2013,Havant,85.1510013
2014,Havant,89.81586787
2007,Havering,104.6169264
2008,Havering,107.0332551
2009,Havering,95.28208305
2010,Havering,81.59683284
2011,Havering,81.75488987
2012,Havering,95.24083161
2013,Havering,79.72591654
2014,Havering,91.82371742
2007,"Herefordshire, County of",89.47445699
2008,"Herefordshire, County of",108.0900502
2009,"Herefordshire, County of",110.1221297
2010,"Herefordshire, County of",87.90763518
2011,"Herefordshire, County of",87.41617557
2012,"Herefordshire, County of",86.40548383
2013,"Herefordshire, County of",85.52337503
2014,"Herefordshire, County of",78.48206031
2007,Hertfordshire,95.6321498
2008,Hertfordshire,94.5126487
2009,Hertfordshire,92.39010414
2010,Hertfordshire,89.3092765
2011,Hertfordshire,85.42945521
2012,Hertfordshire,88.69411024
2013,Hertfordshire,83.97574888
2014,Hertfordshire,84.32037255
2007,Hertsmere,113.7278281
2008,Hertsmere,87.82266588
2009,Hertsmere,95.40687489
2010,Hertsmere,69.1178369
2011,Hertsmere,94.45600028
2012,Hertsmere,95.97122893
2013,Hertsmere,73.92334624
2014,Hertsmere,81.87479836
2007,High Peak,119.9718321
2008,High Peak,153.9467303
2009,High Peak,130.9487288
2010,High Peak,71.03211477
2011,High Peak,103.5356244
2012,High Peak,84.9898569
2013,High Peak,109.6867246
2014,High Peak,80.45057137
2007,Hillingdon,110.5880539
2008,Hillingdon,74.6907169
2009,Hillingdon,97.57637548
2010,Hillingdon,88.36135298
2011,Hillingdon,79.59813868
2012,Hillingdon,100.3146022
2013,Hillingdon,84.65225008
2014,Hillingdon,93.59200227
2007,Hinckley and Bosworth,91.21557002
2008,Hinckley and Bosworth,71.94823894
2009,Hinckley and Bosworth,85.09099771
2010,Hinckley and Bosworth,71.05617958
2011,Hinckley and Bosworth,105.1949507
2012,Hinckley and Bosworth,71.31193969
2013,Hinckley and Bosworth,71.88300907
2014,Hinckley and Bosworth,70.22867419
2007,Horsham,73.49566415
2008,Horsham,90.75016212
2009,Horsham,68.58453073
2010,Horsham,87.3747163
2011,Horsham,78.28530655
2012,Horsham,80.83569971
2013,Horsham,70.46775279
2014,Horsham,78.67988701
2007,Hounslow,116.5756677
2008,Hounslow,104.4546245
2009,Hounslow,130.2313544
2010,Hounslow,91.59520954
2011,Hounslow,92.41064983
2012,Hounslow,89.06566191
2013,Hounslow,88.91214721
2014,Hounslow,91.42203642
2007,Huntingdonshire,87.6395286
2008,Huntingdonshire,93.52720688
2009,Huntingdonshire,84.42160869
2010,Huntingdonshire,92.87208893
2011,Huntingdonshire,66.72822556
2012,Huntingdonshire,71.11888687
2013,Huntingdonshire,76.46231102
2014,Huntingdonshire,68.69780513
2007,Hyndburn,116.2681008
2008,Hyndburn,153.7341675
2009,Hyndburn,130.1657344
2010,Hyndburn,176.7853334
2011,Hyndburn,115.3087608
2012,Hyndburn,102.1551164
2013,Hyndburn,128.9100924
2014,Hyndburn,128.0494578
2007,Inner London Authorities,120.8890885
2008,Inner London Authorities,120.4610288
2009,Inner London Authorities,109.3372911
2010,Inner London Authorities,103.0202546
2011,Inner London Authorities,102.6640489
2012,Inner London Authorities,97.61125293
2013,Inner London Authorities,97.23037105
2014,Inner London Authorities,93.99314938
2007,Ipswich,96.09201683
2008,Ipswich,134.6080859
2009,Ipswich,96.91490834
2010,Ipswich,111.4407372
2011,Ipswich,105.7057547
2012,Ipswich,82.04930087
2013,Ipswich,102.4250321
2014,Ipswich,87.29192055
2007,Isle of Wight,82.04737381
2008,Isle of Wight,104.3070079
2009,Isle of Wight,88.74010927
2010,Isle of Wight,81.85464773
2011,Isle of Wight,90.77020866
2012,Isle of Wight,104.0719982
2013,Isle of Wight,76.25633961
2014,Isle of Wight,68.62016079
2007,Islington,145.7617501
2008,Islington,116.7340216
2009,Islington,130.9556841
2010,Islington,104.0447144
2011,Islington,84.821858
2012,Islington,99.76283895
2013,Islington,82.83863412
2014,Islington,103.8484573
2007,Kensington and Chelsea,99.80537023
2008,Kensington and Chelsea,82.52140866
2009,Kensington and Chelsea,90.73539472
2010,Kensington and Chelsea,50.99909511
2011,Kensington and Chelsea,84.63486441
2012,Kensington and Chelsea,69.38754023
2013,Kensington and Chelsea,50.67852919
2014,Kensington and Chelsea,57.26270573
2007,Kent,111.3480469
2008,Kent,93.94705447
2009,Kent,96.64979471
2010,Kent,92.14034601
2011,Kent,89.27418809
2012,Kent,81.99332342
2013,Kent,87.15336591
2014,Kent,90.36061921
2007,Kettering,96.44421214
2008,Kettering,106.2351974
2009,Kettering,117.7900193
2010,Kettering,86.95080554
2011,Kettering,114.8744818
2012,Kettering,111.1969972
2013,Kettering,95.61749793
2014,Kettering,64.69647403
2007,Kings Lynn and West Norfolk,98.0856355
2008,Kings Lynn and West Norfolk,109.3070605
2009,Kings Lynn and West Norfolk,72.21696194
2010,Kings Lynn and West Norfolk,97.18404049
2011,Kings Lynn and West Norfolk,88.98450194
2012,Kings Lynn and West Norfolk,87.94275421
2013,Kings Lynn and West Norfolk,97.65089153
2014,Kings Lynn and West Norfolk,67.76637011
2007,"Kingston upon Hull, City of",168.0341749
2008,"Kingston upon Hull, City of",158.4619435
2009,"Kingston upon Hull, City of",134.3385496
2010,"Kingston upon Hull, City of",119.4085854
2011,"Kingston upon Hull, City of",148.9972744
2012,"Kingston upon Hull, City of",116.6522828
2013,"Kingston upon Hull, City of",105.8433618
2014,"Kingston upon Hull, City of",127.5719484
2007,Kingston upon Thames,91.95355654
2008,Kingston upon Thames,72.57998058
2009,Kingston upon Thames,94.22119001
2010,Kingston upon Thames,74.46662411
2011,Kingston upon Thames,72.65834024
2012,Kingston upon Thames,80.97931639
2013,Kingston upon Thames,81.48225013
2014,Kingston upon Thames,75.70315807
2007,Kirklees,148.6580986
2008,Kirklees,121.1287209
2009,Kirklees,114.6676194
2010,Kirklees,100.8364356
2011,Kirklees,103.1927179
2012,Kirklees,102.2815847
2013,Kirklees,89.50807751
2014,Kirklees,98.68980455
2007,Knowsley,157.7826404
2008,Knowsley,152.0459725
2009,Knowsley,109.4324234
2010,Knowsley,116.7371416
2011,Knowsley,118.4113788
2012,Knowsley,134.2129055
2013,Knowsley,141.9812965
2014,Knowsley,117.5036666
2007,Lambeth,118.8745178
2008,Lambeth,129.8019349
2009,Lambeth,120.549417
2010,Lambeth,127.6484637
2011,Lambeth,103.5199017
2012,Lambeth,90.02594288
2013,Lambeth,113.0492787
2014,Lambeth,111.2950917
2007,Lancashire,125.2436817
2008,Lancashire,114.3144524
2009,Lancashire,116.454672
2010,Lancashire,118.330845
2011,Lancashire,114.0635224
2012,Lancashire,98.18534175
2013,Lancashire,105.6748147
2014,Lancashire,100.5273688
2007,Lancaster,132.0229943
2008,Lancaster,125.8099959
2009,Lancaster,99.99940827
2010,Lancaster,111.4735698
2011,Lancaster,109.6814977
2012,Lancaster,103.4797286
2013,Lancaster,122.1263654
2014,Lancaster,85.37615835
2007,Leeds,119.9977082
2008,Leeds,117.4262852
2009,Leeds,110.4818409
2010,Leeds,98.62363227
2011,Leeds,102.7259192
2012,Leeds,104.6518192
2013,Leeds,101.6025965
2014,Leeds,92.64734278
2007,Leicester,147.8348902
2008,Leicester,159.2781418
2009,Leicester,134.5223069
2010,Leicester,127.3703031
2011,Leicester,120.1071474
2012,Leicester,124.1813584
2013,Leicester,125.236755
2014,Leicester,119.7287173
2007,Leicestershire,101.1095358
2008,Leicestershire,92.78308824
2009,Leicestershire,81.88919943
2010,Leicestershire,85.86614429
2011,Leicestershire,93.03576753
2012,Leicestershire,83.90092167
2013,Leicestershire,79.32950722
2014,Leicestershire,74.62239629
2007,Lewes,100.4999484
2008,Lewes,91.75232548
2009,Lewes,82.4076522
2010,Lewes,56.49437926
2011,Lewes,88.68182417
2012,Lewes,92.15715883
2013,Lewes,60.57832968
2014,Lewes,72.98973483
2007,Lewisham,112.9203733
2008,Lewisham,142.8551672
2009,Lewisham,117.6478909
2010,Lewisham,118.1000735
2011,Lewisham,121.664982
2012,Lewisham,100.5626739
2013,Lewisham,90.72430157
2014,Lewisham,91.8268691
2007,Lichfield,96.56450922
2008,Lichfield,108.6066047
2009,Lichfield,71.05872547
2010,Lichfield,109.7545019
2011,Lichfield,85.77942791
2012,Lichfield,95.71837123
2013,Lichfield,72.23937123
2014,Lichfield,73.19747772
2007,Lincoln,118.945749
2008,Lincoln,122.6894543
2009,Lincoln,73.7796215
2010,Lincoln,126.476757
2011,Lincoln,84.21448817
2012,Lincoln,130.4015852
2013,Lincoln,121.2367222
2014,Lincoln,109.3723038
2007,Lincolnshire,114.1700303
2008,Lincolnshire,108.6455008
2009,Lincolnshire,97.61882843
2010,Lincolnshire,90.97897706
2011,Lincolnshire,95.59800216
2012,Lincolnshire,95.15818082
2013,Lincolnshire,96.00137791
2014,Lincolnshire,88.65202706
2007,Liverpool,158.8296698
2008,Liverpool,139.4285815
2009,Liverpool,123.5494914
2010,Liverpool,128.7875462
2011,Liverpool,124.6477937
2012,Liverpool,118.4199749
2013,Liverpool,118.8693675
2014,Liverpool,115.8220176
2007,LONDON,109.7946064
2008,LONDON,111.0621845
2009,LONDON,100.3321511
2010,LONDON,95.16153351
2011,LONDON,93.41928297
2012,LONDON,93.01384918
2013,LONDON,89.81807258
2014,LONDON,90.4580981
2007,Luton,131.663212
2008,Luton,131.9102388
2009,Luton,113.0758062
2010,Luton,120.618759
2011,Luton,109.7424274
2012,Luton,125.8957783
2013,Luton,106.8571202
2014,Luton,109.6964582
2007,Maidstone,125.3087967
2008,Maidstone,88.19678304
2009,Maidstone,79.59357902
2010,Maidstone,104.6513104
2011,Maidstone,85.25986005
2012,Maidstone,97.65175004
2013,Maidstone,85.59637776
2014,Maidstone,90.98708478
2007,Maldon,83.27140837
2008,Maldon,107.8800138
2009,Maldon,50.62564023
2010,Maldon,83.52926098
2011,Maldon,99.46776731
2012,Maldon,75.54505854
2013,Maldon,74.13355779
2014,Maldon,65.17395563
2007,Malvern Hills,88.44858871
2008,Malvern Hills,87.33262759
2009,Malvern Hills,65.84819316
2010,Malvern Hills,87.05091462
2011,Malvern Hills,66.15824996
2012,Malvern Hills,85.52059492
2013,Malvern Hills,89.9174819
2014,Malvern Hills,95.98030657
2007,Manchester,151.220431
2008,Manchester,176.7045802
2009,Manchester,173.1013334
2010,Manchester,145.1208036
2011,Manchester,168.5042189
2012,Manchester,152.1536815
2013,Manchester,147.6010933
2014,Manchester,146.5436751
2007,Mansfield,137.9371831
2008,Mansfield,166.144566
2009,Mansfield,132.0470385
2010,Mansfield,97.84963969
2011,Mansfield,94.08112712
2012,Mansfield,105.7539106
2013,Mansfield,103.9873459
2014,Mansfield,74.04909924
2007,Medway Towns,148.2478595
2008,Medway Towns,108.0168321
2009,Medway Towns,98.64492442
2010,Medway Towns,108.2886509
2011,Medway Towns,112.6512231
2012,Medway Towns,93.28200798
2013,Medway Towns,85.09084356
2014,Medway Towns,108.5929368
2007,Melton,95.69827202
2008,Melton,101.3773433
2009,Melton,65.51313297
2010,Melton,76.95680424
2011,Melton,114.8954137
2012,Melton,97.23086113
2013,Melton,91.53581572
2014,Melton,42.11958678
2007,Mendip,77.4965205
2008,Mendip,79.63835693
2009,Mendip,74.72790055
2010,Mendip,86.74608032
2011,Mendip,86.54936746
2012,Mendip,66.14184106
2013,Mendip,86.700205
2014,Mendip,67.83223102
2007,Merseyside (Met County),130.3178867
2008,Merseyside (Met County),129.0257977
2009,Merseyside (Met County),115.383697
2010,Merseyside (Met County),120.1794937
2011,Merseyside (Met County),108.6241837
2012,Merseyside (Met County),109.2325242
2013,Merseyside (Met County),108.9738419
2014,Merseyside (Met County),106.5707433
2007,Merton,96.15224043
2008,Merton,99.79225592
2009,Merton,91.02963206
2010,Merton,99.41364362
2011,Merton,85.89034172
2012,Merton,96.82833118
2013,Merton,82.61939322
2014,Merton,87.28001032
2007,Mid Devon,80.7264446
2008,Mid Devon,82.39349061
2009,Mid Devon,69.81090242
2010,Mid Devon,101.3987918
2011,Mid Devon,81.30656396
2012,Mid Devon,81.43338683
2013,Mid Devon,56.13404514
2014,Mid Devon,74.82263551
2007,Mid Suffolk,81.65143473
2008,Mid Suffolk,109.1683647
2009,Mid Suffolk,71.51964968
2010,Mid Suffolk,63.54541828
2011,Mid Suffolk,68.26983215
2012,Mid Suffolk,70.08632793
2013,Mid Suffolk,78.10107718
2014,Mid Suffolk,62.33249314
2007,Mid Sussex,84.88886893
2008,Mid Sussex,91.57011533
2009,Mid Sussex,83.37385809
2010,Mid Sussex,103.9407856
2011,Mid Sussex,81.6630947
2012,Mid Sussex,55.20872303
2013,Mid Sussex,71.20835932
2014,Mid Sussex,56.3976651
2007,Middlesbrough,141.8704446
2008,Middlesbrough,120.002889
2009,Middlesbrough,155.8391417
2010,Middlesbrough,109.3709764
2011,Middlesbrough,101.861779
2012,Middlesbrough,122.9232635
2013,Middlesbrough,123.6309867
2014,Middlesbrough,143.7437789
2007,Milton Keynes,119.5468089
2008,Milton Keynes,127.5464738
2009,Milton Keynes,111.1872684
2010,Milton Keynes,93.3662869
2011,Milton Keynes,98.26378523
2012,Milton Keynes,101.5919593
2013,Milton Keynes,74.27700224
2014,Milton Keynes,90.24802558
2007,Mole Valley,93.09085537
2008,Mole Valley,88.08686089
2009,Mole Valley,78.00877298
2010,Mole Valley,57.03434078
2011,Mole Valley,68.90822117
2012,Mole Valley,75.86001734
2013,Mole Valley,50.91228319
2014,Mole Valley,84.29042654
2007,New Forest,91.80578633
2008,New Forest,63.08343133
2009,New Forest,72.55441551
2010,New Forest,55.23991225
2011,New Forest,77.38543305
2012,New Forest,69.41765694
2013,New Forest,72.28165827
2014,New Forest,72.37687682
2007,Newark and Sherwood,117.1722682
2008,Newark and Sherwood,83.32081391
2009,Newark and Sherwood,109.0112983
2010,Newark and Sherwood,100.4128165
2011,Newark and Sherwood,90.46493684
2012,Newark and Sherwood,103.7661864
2013,Newark and Sherwood,87.20586148
2014,Newark and Sherwood,85.14332419
2007,Newcastle upon Tyne,126.3198067
2008,Newcastle upon Tyne,135.5058053
2009,Newcastle upon Tyne,106.9083841
2010,Newcastle upon Tyne,109.0729994
2011,Newcastle upon Tyne,93.23638102
2012,Newcastle upon Tyne,107.3468106
2013,Newcastle upon Tyne,96.42843324
2014,Newcastle upon Tyne,101.880552
2007,Newcastle-under-Lyme,124.2540817
2008,Newcastle-under-Lyme,124.3729342
2009,Newcastle-under-Lyme,98.57458309
2010,Newcastle-under-Lyme,93.31526826
2011,Newcastle-under-Lyme,101.9102916
2012,Newcastle-under-Lyme,91.05868518
2013,Newcastle-under-Lyme,88.2228774
2014,Newcastle-under-Lyme,97.04374393
2007,Newham,165.8759799
2008,Newham,128.1521045
2009,Newham,142.3162371
2010,Newham,139.2952096
2011,Newham,123.6673151
2012,Newham,128.1349462
2013,Newham,145.7698334
2014,Newham,81.54101717
2007,Norfolk,97.02931229
2008,Norfolk,99.26351238
2009,Norfolk,91.35594572
2010,Norfolk,92.70613447
2011,Norfolk,88.02014953
2012,Norfolk,89.18007167
2013,Norfolk,93.7656984
2014,Norfolk,75.39517667
2007,North Devon,103.5257595
2008,North Devon,77.88327778
2009,North Devon,81.92174715
2010,North Devon,77.35681308
2011,North Devon,111.6782436
2012,North Devon,100.9466772
2013,North Devon,91.48292383
2014,North Devon,64.63409939
2007,North Dorset,76.72741704
2008,North Dorset,82.34484451
2009,North Dorset,52.49952959
2010,North Dorset,57.91882416
2011,North Dorset,73.346906
2012,North Dorset,89.87495854
2013,North Dorset,23.14239564
2014,North Dorset,61.22650414
2007,NORTH EAST,126.4978606
2008,NORTH EAST,116.6904019
2009,NORTH EAST,110.7393738
2010,NORTH EAST,104.243637
2011,NORTH EAST,109.3544432
2012,NORTH EAST,105.7582641
2013,NORTH EAST,98.20291783
2014,NORTH EAST,102.9712229
2007,North East Derbyshire,118.1118065
2008,North East Derbyshire,123.4348263
2009,North East Derbyshire,67.45971006
2010,North East Derbyshire,112.4520573
2011,North East Derbyshire,87.62984482
2012,North East Derbyshire,89.00405764
2013,North East Derbyshire,76.211271
2014,North East Derbyshire,77.89136276
2007,North East Lincolnshire,122.9067846
2008,North East Lincolnshire,99.03053608
2009,North East Lincolnshire,112.7735933
2010,North East Lincolnshire,108.2050603
2011,North East Lincolnshire,110.0667404
2012,North East Lincolnshire,117.1504053
2013,North East Lincolnshire,92.27104342
2014,North East Lincolnshire,100.8338776
2007,North Hertfordshire,90.10489601
2008,North Hertfordshire,117.8249656
2009,North Hertfordshire,116.153432
2010,North Hertfordshire,105.1601647
2011,North Hertfordshire,88.177925
2012,North Hertfordshire,84.76936098
2013,North Hertfordshire,86.66115875
2014,North Hertfordshire,86.57463854
2007,North Kesteven,114.1888159
2008,North Kesteven,63.95749023
2009,North Kesteven,102.5832254
2010,North Kesteven,75.16831024
2011,North Kesteven,85.48699093
2012,North Kesteven,111.5021634
2013,North Kesteven,75.60898655
2014,North Kesteven,76.50856282
2007,North Lincolnshire,112.1533508
2008,North Lincolnshire,129.8538417
2009,North Lincolnshire,117.9131119
2010,North Lincolnshire,88.43164327
2011,North Lincolnshire,132.0976763
2012,North Lincolnshire,73.1805382
2013,North Lincolnshire,96.29488851
2014,North Lincolnshire,100.9673878
2007,North Norfolk,78.61626133
2008,North Norfolk,101.9003873
2009,North Norfolk,71.95783206
2010,North Norfolk,78.04971066
2011,North Norfolk,81.07836273
2012,North Norfolk,82.18234935
2013,North Norfolk,82.33242389
2014,North Norfolk,80.52436094
2007,North Somerset,110.2034697
2008,North Somerset,87.8508388
2009,North Somerset,84.56322773
2010,North Somerset,78.05756187
2011,North Somerset,88.302812
2012,North Somerset,79.40433105
2013,North Somerset,85.69151278
2014,North Somerset,91.80159119
2007,North Tyneside,129.7711333
2008,North Tyneside,105.7169166
2009,North Tyneside,104.0240143
2010,North Tyneside,115.913143
2011,North Tyneside,103.1487895
2012,North Tyneside,90.70837366
2013,North Tyneside,90.48442298
2014,North Tyneside,84.08133684
2007,North Warwickshire,102.2610602
2008,North Warwickshire,94.58259593
2009,North Warwickshire,87.76599234
2010,North Warwickshire,71.4528901
2011,North Warwickshire,98.08416582
2012,North Warwickshire,102.7556087
2013,North Warwickshire,129.9936447
2014,North Warwickshire,88.10298069
2007,NORTH WEST,131.0905808
2008,NORTH WEST,124.7459727
2009,NORTH WEST,118.7349701
2010,NORTH WEST,115.3392414
2011,NORTH WEST,112.5626271
2012,NORTH WEST,109.152909
2013,NORTH WEST,107.2598898
2014,NORTH WEST,102.5082041
2007,North West Leicestershire,131.256466
2008,North West Leicestershire,110.617223
2009,North West Leicestershire,110.1507003
2010,North West Leicestershire,110.1377888
2011,North West Leicestershire,92.46333017
2012,North West Leicestershire,85.26234856
2013,North West Leicestershire,78.10797045
2014,North West Leicestershire,66.57795756
2007,North Yorkshire,99.86240453
2008,North Yorkshire,105.4805808
2009,North Yorkshire,94.08065669
2010,North Yorkshire,94.07806633
2011,North Yorkshire,94.99697819
2012,North Yorkshire,88.99814398
2013,North Yorkshire,72.62377626
2014,North Yorkshire,78.03410659
2007,Northampton,123.8061872
2008,Northampton,111.9085763
2009,Northampton,145.3362618
2010,Northampton,97.67154863
2011,Northampton,130.3796318
2012,Northampton,137.3774947
2013,Northampton,105.0581861
2014,Northampton,87.48649618
2007,Northamptonshire,114.5491158
2008,Northamptonshire,101.6576981
2009,Northamptonshire,106.2243866
2010,Northamptonshire,83.14351067
2011,Northamptonshire,104.5079943
2012,Northamptonshire,108.6568286
2013,Northamptonshire,87.66025101
2014,Northamptonshire,80.79758724
2007,Northumberland,101.9308946
2008,Northumberland,89.33556704
2009,Northumberland,94.37971529
2010,Northumberland,89.68776855
2011,Northumberland,100.6609402
2012,Northumberland,99.68452317
2013,Northumberland,73.36956358
2014,Northumberland,93.49686784
2007,Norwich,108.1966626
2008,Norwich,114.8400384
2009,Norwich,102.0050819
2010,Norwich,106.9030702
2011,Norwich,107.9143219
2012,Norwich,107.0393533
2013,Norwich,81.65095786
2014,Norwich,89.25727262
2007,Nottingham,118.1912281
2008,Nottingham,142.4736336
2009,Nottingham,135.2900727
2010,Nottingham,111.4179738
2011,Nottingham,106.3440997
2012,Nottingham,116.5319357
2013,Nottingham,100.5776128
2014,Nottingham,120.5575652
2007,Nottinghamshire,111.3797474
2008,Nottinghamshire,110.7354921
2009,Nottinghamshire,100.7349253
2010,Nottinghamshire,86.64312941
2011,Nottinghamshire,90.63287413
2012,Nottinghamshire,98.95079849
2013,Nottinghamshire,87.75822643
2014,Nottinghamshire,87.41039459
2007,Nuneaton and Bedworth,121.6062387
2008,Nuneaton and Bedworth,84.57038339
2009,Nuneaton and Bedworth,97.87690785
2010,Nuneaton and Bedworth,112.2582097
2011,Nuneaton and Bedworth,118.4828757
2012,Nuneaton and Bedworth,105.0163368
2013,Nuneaton and Bedworth,99.54519747
2014,Nuneaton and Bedworth,94.38583819
2007,Oadby and Wigston,106.2091064
2008,Oadby and Wigston,106.2553153
2009,Oadby and Wigston,51.85733494
2010,Oadby and Wigston,82.84826094
2011,Oadby and Wigston,72.67045938
2012,Oadby and Wigston,66.98712925
2013,Oadby and Wigston,88.5977581
2014,Oadby and Wigston,105.0364839
2007,Oldham,185.3693854
2008,Oldham,139.4952422
2009,Oldham,144.6509361
2010,Oldham,129.2437449
2011,Oldham,110.6395895
2012,Oldham,102.934642
2013,Oldham,126.9969064
2014,Oldham,118.9227961
2007,Outer London Authorities,104.3713367
2008,Outer London Authorities,106.5202719
2009,Outer London Authorities,95.94667317
2010,Outer London Authorities,91.30437985
2011,Outer London Authorities,88.93385484
2012,Outer London Authorities,90.67781057
2013,Outer London Authorities,86.05560443
2014,Outer London Authorities,88.88299148
2007,Oxford,101.3023907
2008,Oxford,91.23415513
2009,Oxford,95.29929283
2010,Oxford,129.4833279
2011,Oxford,92.85671136
2012,Oxford,101.8466971
2013,Oxford,60.0449137
2014,Oxford,67.33058064
2007,Oxfordshire,87.61696438
2008,Oxfordshire,86.07910735
2009,Oxfordshire,81.92963195
2010,Oxfordshire,80.26628291
2011,Oxfordshire,88.75507375
2012,Oxfordshire,84.80259137
2013,Oxfordshire,76.01326461
2014,Oxfordshire,60.42365686
2007,Pendle,135.208493
2008,Pendle,119.0430621
2009,Pendle,142.8271925
2010,Pendle,130.2546309
2011,Pendle,114.9410394
2012,Pendle,73.90133882
2013,Pendle,104.861815
2014,Pendle,94.78934651
2007,Peterborough,112.5898722
2008,Peterborough,98.07364384
2009,Peterborough,121.4778733
2010,Peterborough,103.073637
2011,Peterborough,104.2936593
2012,Peterborough,96.53324808
2013,Peterborough,118.1085073
2014,Peterborough,99.7478181
2007,Plymouth,98.94956959
2008,Plymouth,94.97784746
2009,Plymouth,107.2227161
2010,Plymouth,103.3783382
2011,Plymouth,74.89648051
2012,Plymouth,93.85524363
2013,Plymouth,89.37476056
2014,Plymouth,91.40453487
2007,Poole,75.83604137
2008,Poole,100.6609862
2009,Poole,58.45153694
2010,Poole,73.91653876
2011,Poole,80.74351669
2012,Poole,80.89923854
2013,Poole,92.10007271
2014,Poole,74.96052166
2007,Portsmouth,134.6684223
2008,Portsmouth,107.9253492
2009,Portsmouth,105.6907487
2010,Portsmouth,70.12357017
2011,Portsmouth,96.27118523
2012,Portsmouth,111.8961895
2013,Portsmouth,87.69093274
2014,Portsmouth,98.41847014
2007,Preston,133.6113384
2008,Preston,142.7509738
2009,Preston,123.409389
2010,Preston,134.7437241
2011,Preston,117.2475648
2012,Preston,104.1584058
2013,Preston,126.6098062
2014,Preston,130.0523942
2007,Purbeck,107.5421694
2008,Purbeck,75.36610371
2009,Purbeck,60.4124893
2010,Purbeck,53.24461289
2011,Purbeck,64.73715417
2012,Purbeck,27.19164923
2013,Purbeck,60.88763354
2014,Purbeck,120.8071869
2007,Reading,142.1190642
2008,Reading,102.7898764
2009,Reading,85.06601821
2010,Reading,109.596815
2011,Reading,99.18856355
2012,Reading,96.94583731
2013,Reading,95.59297964
2014,Reading,101.9904411
2007,Redbridge,105.6311573
2008,Redbridge,129.5849191
2009,Redbridge,102.0934753
2010,Redbridge,102.6078648
2011,Redbridge,104.5490694
2012,Redbridge,102.4536305
2013,Redbridge,91.25461816
2014,Redbridge,93.99565053
2007,Redcar and Cleveland,130.0866033
2008,Redcar and Cleveland,120.9782758
2009,Redcar and Cleveland,104.1671841
2010,Redcar and Cleveland,80.48770786
2011,Redcar and Cleveland,127.1571374
2012,Redcar and Cleveland,112.5576175
2013,Redcar and Cleveland,105.679631
2014,Redcar and Cleveland,99.96989051
2007,Redditch,90.3208754
2008,Redditch,131.6098411
2009,Redditch,84.5481514
2010,Redditch,102.3080689
2011,Redditch,107.4810303
2012,Redditch,90.94963619
2013,Redditch,110.1627748
2014,Redditch,88.82949287
2007,Reigate and Banstead,85.60477699
2008,Reigate and Banstead,102.8904231
2009,Reigate and Banstead,95.29866542
2010,Reigate and Banstead,70.56120558
2011,Reigate and Banstead,65.6522807
2012,Reigate and Banstead,64.89990806
2013,Reigate and Banstead,67.79937516
2014,Reigate and Banstead,91.80020849
2007,Ribble Valley,114.4411118
2008,Ribble Valley,66.47885143
2009,Ribble Valley,95.00217249
2010,Ribble Valley,128.7815319
2011,Ribble Valley,84.2783489
2012,Ribble Valley,75.67666579
2013,Ribble Valley,90.92507495
2014,Ribble Valley,99.3715014
2007,Richmond upon Thames,76.67871645
2008,Richmond upon Thames,77.10314448
2009,Richmond upon Thames,79.93058111
2010,Richmond upon Thames,75.15361712
2011,Richmond upon Thames,81.09773106
2012,Richmond upon Thames,72.56899734
2013,Richmond upon Thames,66.40788017
2014,Richmond upon Thames,82.25576051
2007,Richmondshire,93.48843181
2008,Richmondshire,103.4755426
2009,Richmondshire,112.3136538
2010,Richmondshire,101.7444425
2011,Richmondshire,112.1969005
2012,Richmondshire,62.99544729
2013,Richmondshire,89.35595494
2014,Richmondshire,62.26793761
2007,Rochdale,158.7728359
2008,Rochdale,155.1454171
2009,Rochdale,121.063173
2010,Rochdale,120.1068991
2011,Rochdale,133.9590613
2012,Rochdale,118.8501023
2013,Rochdale,110.8284786
2014,Rochdale,126.7635515
2007,Rochford,61.59315711
2008,Rochford,74.06281729
2009,Rochford,63.72020919
2010,Rochford,97.61531429
2011,Rochford,91.33752803
2012,Rochford,63.45368763
2013,Rochford,91.40587429
2014,Rochford,72.25155286
2007,Rossendale,157.2222066
2008,Rossendale,135.2226986
2009,Rossendale,126.2383858
2010,Rossendale,98.60567895
2011,Rossendale,146.8129292
2012,Rossendale,98.98637134
2013,Rossendale,129.720706
2014,Rossendale,76.10239054
2007,Rother,115.2669182
2008,Rother,75.81789855
2009,Rother,121.2993355
2010,Rother,81.55738047
2011,Rother,82.48417077
2012,Rother,89.15605093
2013,Rother,112.4162906
2014,Rother,79.20763974
2007,Rotherham,116.8385231
2008,Rotherham,134.0120247
2009,Rotherham,116.1452171
2010,Rotherham,115.7827864
2011,Rotherham,112.1023232
2012,Rotherham,100.0794977
2013,Rotherham,113.0671019
2014,Rotherham,100.1184408
2007,Rugby,108.5276904
2008,Rugby,105.0561209
2009,Rugby,108.7999597
2010,Rugby,84.15636744
2011,Rugby,91.99995153
2012,Rugby,74.1893168
2013,Rugby,68.40316847
2014,Rugby,86.79370085
2007,Runnymede,116.4941559
2008,Runnymede,101.3783213
2009,Runnymede,75.65742324
2010,Runnymede,57.42942471
2011,Runnymede,93.09224269
2012,Runnymede,95.10920717
2013,Runnymede,126.3696992
2014,Runnymede,87.02620919
2007,Rushcliffe,78.40656377
2008,Rushcliffe,91.4743067
2009,Rushcliffe,74.01566674
2010,Rushcliffe,69.05143419
2011,Rushcliffe,77.04222069
2012,Rushcliffe,61.79159327
2013,Rushcliffe,71.40856744
2014,Rushcliffe,77.68060792
2007,Rushmoor,93.17315898
2008,Rushmoor,101.1862041
2009,Rushmoor,60.82409221
2010,Rushmoor,74.42388648
2011,Rushmoor,59.6063719
2012,Rushmoor,82.81370226
2013,Rushmoor,97.92327409
2014,Rushmoor,73.74804369
2007,Rutland,70.47871478
2008,Rutland,90.98012023
2009,Rutland,92.21569136
2010,Rutland,106.4051615
2011,Rutland,83.47444391
2012,Rutland,76.19888786
2013,Rutland,76.67633237
2014,Rutland,99.16792834
2007,Ryedale,132.7702794
2008,Ryedale,105.3891012
2009,Ryedale,107.8274313
2010,Ryedale,94.02571562
2011,Ryedale,89.65928831
2012,Ryedale,116.9287606
2013,Ryedale,97.99109104
2014,Ryedale,97.57299703
2007,Salford,136.1758781
2008,Salford,152.8979172
2009,Salford,114.5640751
2010,Salford,109.8089127
2011,Salford,123.7317081
2012,Salford,121.7529831
2013,Salford,107.4911397
2014,Salford,120.5660538
2007,Sandwell,149.5102019
2008,Sandwell,168.1741388
2009,Sandwell,119.0021816
2010,Sandwell,142.951771
2011,Sandwell,119.4379132
2012,Sandwell,119.2798175
2013,Sandwell,124.5268769
2014,Sandwell,126.1373544
2007,Scarborough,112.2980171
2008,Scarborough,121.6359301
2009,Scarborough,124.7777012
2010,Scarborough,109.4844808
2011,Scarborough,113.5218988
2012,Scarborough,95.07071762
2013,Scarborough,85.28070452
2014,Scarborough,81.20688517
2007,Sedgemoor,91.86160965
2008,Sedgemoor,82.11867631
2009,Sedgemoor,94.57350034
2010,Sedgemoor,91.31548529
2011,Sedgemoor,77.66634121
2012,Sedgemoor,87.05270187
2013,Sedgemoor,89.97131643
2014,Sedgemoor,68.83272601
2007,Sefton,98.97669593
2008,Sefton,116.9778531
2009,Sefton,91.56066449
2010,Sefton,110.6713483
2011,Sefton,95.80507774
2012,Sefton,107.0502148
2013,Sefton,117.4722708
2014,Sefton,97.5865891
2007,Selby,107.1192171
2008,Selby,113.5362463
2009,Selby,62.88068994
2010,Selby,78.76623346
2011,Selby,77.01154725
2012,Selby,85.44109138
2013,Selby,71.77172735
2014,Selby,86.5010449
2007,Sevenoaks,91.58976063
2008,Sevenoaks,93.44594273
2009,Sevenoaks,62.3425018
2010,Sevenoaks,83.6363097
2011,Sevenoaks,86.81779438
2012,Sevenoaks,71.97255337
2013,Sevenoaks,74.16914563
2014,Sevenoaks,68.6070411
2007,Sheffield,114.9186804
2008,Sheffield,116.4480089
2009,Sheffield,106.0914148
2010,Sheffield,100.532901
2011,Sheffield,102.8746703
2012,Sheffield,89.08963551
2013,Sheffield,93.59112784
2014,Sheffield,74.14096656
2007,Shepway,91.09916536
2008,Shepway,73.24278483
2009,Shepway,100.027384
2010,Shepway,68.06590357
2011,Shepway,96.97566184
2012,Shepway,103.8263398
2013,Shepway,78.71993313
2014,Shepway,105.4982985
2007,Shropshire,93.25829443
2008,Shropshire,116.015367
2009,Shropshire,99.12109011
2010,Shropshire,88.26470818
2011,Shropshire,98.22036201
2012,Shropshire,79.44621564
2013,Shropshire,94.81445332
2014,Shropshire,85.05649231
2007,Slough,142.9780863
2008,Slough,105.2180114
2009,Slough,135.275006
2010,Slough,117.2467594
2011,Slough,107.5772981
2012,Slough,136.7327282
2013,Slough,118.5813475
2014,Slough,114.2106624
2007,Solihull,102.6329239
2008,Solihull,85.45148108
2009,Solihull,85.12228688
2010,Solihull,90.14221825
2011,Solihull,98.5616125
2012,Solihull,69.17661073
2013,Solihull,82.18754437
2014,Solihull,83.67544832
2007,Somerset,92.23684984
2008,Somerset,89.52640405
2009,Somerset,81.87472497
2010,Somerset,79.12072022
2011,Somerset,78.02008017
2012,Somerset,78.09103394
2013,Somerset,82.4097488
2014,Somerset,67.27614682
2007,South Bucks,63.75093522
2008,South Bucks,84.03996232
2009,South Bucks,70.41947637
2010,South Bucks,92.19395345
2011,South Bucks,91.75756215
2012,South Bucks,79.5382538
2013,South Bucks,77.61743177
2014,South Bucks,104.3432227
2007,South Cambridgeshire,89.08293631
2008,South Cambridgeshire,78.21813902
2009,South Cambridgeshire,80.66302128
2010,South Cambridgeshire,64.29560626
2011,South Cambridgeshire,67.37817471
2012,South Cambridgeshire,84.47787532
2013,South Cambridgeshire,54.29413179
2014,South Cambridgeshire,57.8070841
2007,South Derbyshire,112.7227841
2008,South Derbyshire,119.0575168
2009,South Derbyshire,108.6599581
2010,South Derbyshire,68.38020066
2011,South Derbyshire,96.2208027
2012,South Derbyshire,72.93323859
2013,South Derbyshire,97.0117171
2014,South Derbyshire,74.96968457
2007,SOUTH EAST,102.432695
2008,SOUTH EAST,94.49068164
2009,SOUTH EAST,87.82340651
2010,SOUTH EAST,84.58823252
2011,SOUTH EAST,86.03507352
2012,SOUTH EAST,84.25234438
2013,SOUTH EAST,80.75755088
2014,SOUTH EAST,79.28026594
2007,South Gloucestershire,73.69833626
2008,South Gloucestershire,85.18167844
2009,South Gloucestershire,76.73658835
2010,South Gloucestershire,61.69386086
2011,South Gloucestershire,62.42292417
2012,South Gloucestershire,78.40255666
2013,South Gloucestershire,86.42931878
2014,South Gloucestershire,64.77620106
2007,South Hams,98.1439605
2008,South Hams,67.23373376
2009,South Hams,109.7371395
2010,South Hams,102.584685
2011,South Hams,90.87168054
2012,South Hams,60.69770798
2013,South Hams,65.73275387
2014,South Hams,68.59576083
2007,South Holland,121.984968
2008,South Holland,130.3840413
2009,South Holland,72.88748139
2010,South Holland,77.85398658
2011,South Holland,110.4666718
2012,South Holland,104.246443
2013,South Holland,123.3114022
2014,South Holland,82.17715067
2007,South Kesteven,119.4585402
2008,South Kesteven,111.9919178
2009,South Kesteven,99.00146922
2010,South Kesteven,77.35759481
2011,South Kesteven,96.32580421
2012,South Kesteven,86.74638836
2013,South Kesteven,78.00779454
2014,South Kesteven,78.42849484
2007,South Lakeland,103.7908808
2008,South Lakeland,88.51087311
2009,South Lakeland,88.1753084
2010,South Lakeland,95.74751499
2011,South Lakeland,84.79580486
2012,South Lakeland,90.2842349
2013,South Lakeland,81.2032951
2014,South Lakeland,70.39558951
2007,South Norfolk,116.7488353
2008,South Norfolk,84.43044761
2009,South Norfolk,106.042072
2010,South Norfolk,100.5595582
2011,South Norfolk,71.75878836
2012,South Norfolk,84.78333641
2013,South Norfolk,97.55082999
2014,South Norfolk,76.34822989
2007,South Northamptonshire,72.00889499
2008,South Northamptonshire,96.84639137
2009,South Northamptonshire,81.78907224
2010,South Northamptonshire,60.68589347
2011,South Northamptonshire,104.0317619
2012,South Northamptonshire,92.75971293
2013,South Northamptonshire,69.56491313
2014,South Northamptonshire,71.90933946
2007,South Oxfordshire,90.62948723
2008,South Oxfordshire,90.5051455
2009,South Oxfordshire,76.16280277
2010,South Oxfordshire,68.81009016
2011,South Oxfordshire,91.45069667
2012,South Oxfordshire,67.80118561
2013,South Oxfordshire,78.88627116
2014,South Oxfordshire,53.40046919
2007,South Ribble,111.2527984
2008,South Ribble,103.1753151
2009,South Ribble,96.211726
2010,South Ribble,102.3055909
2011,South Ribble,84.99600653
2012,South Ribble,85.63861165
2013,South Ribble,100.506507
2014,South Ribble,108.1287474
2007,South Somerset,90.72717756
2008,South Somerset,72.02815145
2009,South Somerset,85.67279844
2010,South Somerset,71.40122787
2011,South Somerset,78.08169784
2012,South Somerset,86.25605421
2013,South Somerset,72.28796416
2014,South Somerset,66.28160283
2007,South Staffordshire,108.5202397
2008,South Staffordshire,77.9198342
2009,South Staffordshire,112.3870989
2010,South Staffordshire,59.64346658
2011,South Staffordshire,83.80153265
2012,South Staffordshire,80.91969524
2013,South Staffordshire,84.08253322
2014,South Staffordshire,73.50631691
2007,South Tyneside,141.7961703
2008,South Tyneside,151.4606181
2009,South Tyneside,86.42667007
2010,South Tyneside,105.8274991
2011,South Tyneside,104.5459242
2012,South Tyneside,86.94117246
2013,South Tyneside,100.3766589
2014,South Tyneside,98.71179697
2007,SOUTH WEST,96.97544433
2008,SOUTH WEST,92.95451501
2009,SOUTH WEST,87.60776528
2010,SOUTH WEST,83.45913402
2011,SOUTH WEST,84.67487835
2012,SOUTH WEST,81.58981927
2013,SOUTH WEST,83.30337661
2014,SOUTH WEST,77.00725589
2007,South Yorkshire (Met County),117.4985272
2008,South Yorkshire (Met County),124.3988903
2009,South Yorkshire (Met County),108.9659281
2010,South Yorkshire (Met County),112.9477433
2011,South Yorkshire (Met County),109.3579724
2012,South Yorkshire (Met County),100.7541153
2013,South Yorkshire (Met County),100.0454848
2014,South Yorkshire (Met County),90.81030151
2007,Southampton,118.7213374
2008,Southampton,138.2581779
2009,Southampton,102.9562854
2010,Southampton,85.98801011
2011,Southampton,84.46396483
2012,Southampton,122.5093505
2013,Southampton,97.98940417
2014,Southampton,91.59808131
2007,Southend-on-Sea,106.549547
2008,Southend-on-Sea,96.93449751
2009,Southend-on-Sea,83.57433416
2010,Southend-on-Sea,100.4854476
2011,Southend-on-Sea,95.17196108
2012,Southend-on-Sea,96.24477321
2013,Southend-on-Sea,84.79552128
2014,Southend-on-Sea,86.52364439
2007,Southwark,137.3923268
2008,Southwark,131.2267692
2009,Southwark,100.7355168
2010,Southwark,123.3271571
2011,Southwark,110.1280651
2012,Southwark,89.92525886
2013,Southwark,94.14411529
2014,Southwark,106.2117257
2007,Spelthorne,120.4959893
2008,Spelthorne,99.22103814
2009,Spelthorne,60.14623977
2010,Spelthorne,90.15043889
2011,Spelthorne,74.67606473
2012,Spelthorne,66.06671208
2013,Spelthorne,73.92857638
2014,Spelthorne,74.28666066
2007,St Albans,96.52250851
2008,St Albans,87.28071278
2009,St Albans,88.44937569
2010,St Albans,83.14365303
2011,St Albans,90.74306856
2012,St Albans,59.49245783
2013,St Albans,91.30837479
2014,St Albans,80.65098001
2007,St Edmundsbury,85.98615998
2008,St Edmundsbury,90.08472713
2009,St Edmundsbury,83.30035902
2010,St Edmundsbury,100.4659293
2011,St Edmundsbury,65.72138883
2012,St Edmundsbury,90.59302067
2013,St Edmundsbury,65.20286146
2014,St Edmundsbury,64.51979224
2007,St Helens,134.2361625
2008,St Helens,126.0843956
2009,St Helens,123.8160441
2010,St Helens,108.9413857
2011,St Helens,112.1858307
2012,St Helens,93.42371621
2013,St Helens,89.71746849
2014,St Helens,123.1661688
2007,Stafford,132.7324031
2008,Stafford,94.48972982
2009,Stafford,91.8484603
2010,Stafford,73.78009497
2011,Stafford,93.91700804
2012,Stafford,71.72552755
2013,Stafford,88.06456389
2014,Stafford,72.04317591
2007,Staffordshire,116.8026771
2008,Staffordshire,102.7702791
2009,Staffordshire,98.11866744
2010,Staffordshire,86.2331243
2011,Staffordshire,88.15925372
2012,Staffordshire,90.71979463
2013,Staffordshire,87.58135056
2014,Staffordshire,82.65487066
2007,Staffordshire Moorlands,117.7437469
2008,Staffordshire Moorlands,89.89028409
2009,Staffordshire Moorlands,106.220729
2010,Staffordshire Moorlands,102.7518518
2011,Staffordshire Moorlands,93.22581651
2012,Staffordshire Moorlands,90.97901502
2013,Staffordshire Moorlands,79.4623351
2014,Staffordshire Moorlands,82.49587717
2007,Stevenage,105.2884555
2008,Stevenage,115.4868839
2009,Stevenage,95.37737504
2010,Stevenage,120.1736166
2011,Stevenage,106.4491581
2012,Stevenage,126.9090181
2013,Stevenage,118.0087535
2014,Stevenage,103.4559043
2007,Stockport,122.1108118
2008,Stockport,103.9998052
2009,Stockport,113.8385332
2010,Stockport,100.6644712
2011,Stockport,98.66787898
2012,Stockport,96.51109211
2013,Stockport,86.92746675
2014,Stockport,89.98803139
2007,Stockton-on-Tees,126.1021251
2008,Stockton-on-Tees,131.1426563
2009,Stockton-on-Tees,110.8725703
2010,Stockton-on-Tees,92.75262729
2011,Stockton-on-Tees,112.3592369
2012,Stockton-on-Tees,102.276557
2013,Stockton-on-Tees,106.6764061
2014,Stockton-on-Tees,86.99545597
2007,Stoke-on-Trent,121.6809706
2008,Stoke-on-Trent,131.9012966
2009,Stoke-on-Trent,135.3745608
2010,Stoke-on-Trent,113.6184682
2011,Stoke-on-Trent,127.8603109
2012,Stoke-on-Trent,134.1732487
2013,Stoke-on-Trent,99.75672275
2014,Stoke-on-Trent,88.97885914
2007,Stratford-on-Avon,87.17731981
2008,Stratford-on-Avon,82.20845369
2009,Stratford-on-Avon,96.00030761
2010,Stratford-on-Avon,86.14163359
2011,Stratford-on-Avon,78.02002395
2012,Stratford-on-Avon,74.7988689
2013,Stratford-on-Avon,71.03387146
2014,Stratford-on-Avon,67.65375189
2007,Stroud,92.24718046
2008,Stroud,108.6173933
2009,Stroud,70.25038108
2010,Stroud,82.70659516
2011,Stroud,80.73759429
2012,Stroud,70.44364926
2013,Stroud,97.19480113
2014,Stroud,70.76804676
2007,Suffolk,89.93308304
2008,Suffolk,104.443635
2009,Suffolk,79.45249836
2010,Suffolk,90.59289621
2011,Suffolk,75.21073963
2012,Suffolk,77.32780536
2013,Suffolk,87.54875059
2014,Suffolk,72.05428278
2007,Suffolk Coastal,89.2781365
2008,Suffolk Coastal,108.7998374
2009,Suffolk Coastal,67.70946571
2010,Suffolk Coastal,97.115056
2011,Suffolk Coastal,69.42827481
2012,Suffolk Coastal,74.06312535
2013,Suffolk Coastal,97.49178381
2014,Suffolk Coastal,62.8784313
2007,Sunderland,128.5456879
2008,Sunderland,119.2421881
2009,Sunderland,134.0271606
2010,Sunderland,127.1298027
2011,Sunderland,107.8399284
2012,Sunderland,122.8898104
2013,Sunderland,100.0840837
2014,Sunderland,112.0116634
2007,Surrey,89.44024051
2008,Surrey,87.93573422
2009,Surrey,75.50984007
2010,Surrey,73.42420967
2011,Surrey,73.0648342
2012,Surrey,64.96087183
2013,Surrey,70.38792128
2014,Surrey,75.63003317
2007,Surrey Heath,77.14666999
2008,Surrey Heath,83.4156132
2009,Surrey Heath,52.41242772
2010,Surrey Heath,46.99382124
2011,Surrey Heath,66.73200577
2012,Surrey Heath,68.90748651
2013,Surrey Heath,45.00707791
2014,Surrey Heath,57.19260548
2007,Sutton,111.314478
2008,Sutton,104.1055823
2009,Sutton,83.81657665
2010,Sutton,68.36087266
2011,Sutton,77.74110222
2012,Sutton,102.0173859
2013,Sutton,85.53267275
2014,Sutton,111.5966861
2007,Swale,122.5159658
2008,Swale,94.65084043
2009,Swale,107.986252
2010,Swale,95.76154452
2011,Swale,111.9101029
2012,Swale,61.07474083
2013,Swale,91.00580169
2014,Swale,105.7966667
2007,Swindon,111.4442929
2008,Swindon,105.8793398
2009,Swindon,106.6104933
2010,Swindon,69.90069147
2011,Swindon,95.31548723
2012,Swindon,104.8066596
2013,Swindon,103.3002865
2014,Swindon,97.78272107
2007,Tameside,181.5330745
2008,Tameside,129.3319523
2009,Tameside,139.9206513
2010,Tameside,129.5623754
2011,Tameside,140.1003779
2012,Tameside,143.101998
2013,Tameside,146.9737087
2014,Tameside,109.2293278
2007,Tamworth,115.3514646
2008,Tamworth,104.1622171
2009,Tamworth,106.2892725
2010,Tamworth,82.99939254
2011,Tamworth,78.86766956
2012,Tamworth,96.39159566
2013,Tamworth,97.9130763
2014,Tamworth,86.47263644
2007,Tandridge,84.20662505
2008,Tandridge,94.78904428
2009,Tandridge,75.48996003
2010,Tandridge,91.71026167
2011,Tandridge,84.16062013
2012,Tandridge,69.22686193
2013,Tandridge,76.75293912
2014,Tandridge,63.21138147
2007,Taunton Deane,105.7146119
2008,Taunton Deane,108.5015194
2009,Taunton Deane,69.46987975
2010,Taunton Deane,72.76109551
2011,Taunton Deane,62.69050269
2012,Taunton Deane,61.3169241
2013,Taunton Deane,91.24190066
2014,Taunton Deane,64.54522168
2007,Teignbridge,116.3974854
2008,Teignbridge,91.78964694
2009,Teignbridge,89.95044472
2010,Teignbridge,98.98058973
2011,Teignbridge,81.8056612
2012,Teignbridge,71.44313961
2013,Teignbridge,81.20231143
2014,Teignbridge,77.28158471
2007,Telford and Wrekin,108.5628975
2008,Telford and Wrekin,121.0583386
2009,Telford and Wrekin,123.4080668
2010,Telford and Wrekin,118.9529799
2011,Telford and Wrekin,114.9219498
2012,Telford and Wrekin,114.6563788
2013,Telford and Wrekin,115.8110966
2014,Telford and Wrekin,84.05791449
2007,Tendring,133.942717
2008,Tendring,116.8667984
2009,Tendring,88.85850183
2010,Tendring,98.58325059
2011,Tendring,104.4664807
2012,Tendring,98.50820372
2013,Tendring,109.3628633
2014,Tendring,102.6893257
2007,Test Valley,82.14827211
2008,Test Valley,64.54131917
2009,Test Valley,82.0290277
2010,Test Valley,93.10349851
2011,Test Valley,82.22234115
2012,Test Valley,93.07235239
2013,Test Valley,66.44929905
2014,Test Valley,54.95536822
2007,Tewkesbury,108.5690779
2008,Tewkesbury,108.1548211
2009,Tewkesbury,98.58864237
2010,Tewkesbury,68.4742101
2011,Tewkesbury,109.1416829
2012,Tewkesbury,81.7356825
2013,Tewkesbury,85.6080584
2014,Tewkesbury,81.40701452
2007,Thanet,152.8778629
2008,Thanet,117.9881751
2009,Thanet,106.313872
2010,Thanet,90.96704348
2011,Thanet,114.3025611
2012,Thanet,99.61639643
2013,Thanet,104.7735211
2014,Thanet,87.9272748
2007,Three Rivers,84.75806154
2008,Three Rivers,64.65433135
2009,Three Rivers,77.21181292
2010,Three Rivers,66.64193933
2011,Three Rivers,55.41184914
2012,Three Rivers,75.26413244
2013,Three Rivers,102.0946089
2014,Three Rivers,67.72465982
2007,Thurrock,138.7566863
2008,Thurrock,100.0164452
2009,Thurrock,117.3238193
2010,Thurrock,85.05549295
2011,Thurrock,83.18753344
2012,Thurrock,117.4802707
2013,Thurrock,96.63490186
2014,Thurrock,94.88066868
2007,Tonbridge and Malling,94.43169875
2008,Tonbridge and Malling,86.33339533
2009,Tonbridge and Malling,86.66996831
2010,Tonbridge and Malling,92.98801689
2011,Tonbridge and Malling,77.18148413
2012,Tonbridge and Malling,71.47464009
2013,Tonbridge and Malling,72.94025216
2014,Tonbridge and Malling,75.11656129
2007,Torbay,137.1407904
2008,Torbay,93.37403621
2009,Torbay,94.22522848
2010,Torbay,100.428832
2011,Torbay,113.2380205
2012,Torbay,93.27009269
2013,Torbay,66.24574918
2014,Torbay,73.51601039
2007,Torridge,70.1088132
2008,Torridge,114.1181595
2009,Torridge,102.4534955
2010,Torridge,77.46236766
2011,Torridge,71.46226844
2012,Torridge,86.63805686
2013,Torridge,86.48319859
2014,Torridge,52.77994394
2007,Tower Hamlets,155.522797
2008,Tower Hamlets,118.3391355
2009,Tower Hamlets,116.5849419
2010,Tower Hamlets,106.5831332
2011,Tower Hamlets,110.6972719
2012,Tower Hamlets,128.5721271
2013,Tower Hamlets,113.2962727
2014,Tower Hamlets,132.4982335
2007,Trafford,107.660213
2008,Trafford,107.290284
2009,Trafford,101.1668988
2010,Trafford,99.78351826
2011,Trafford,99.93071555
2012,Trafford,94.08513208
2013,Trafford,96.21852969
2014,Trafford,77.04287161
2007,Tunbridge Wells,85.47847146
2008,Tunbridge Wells,94.43870511
2009,Tunbridge Wells,96.67388931
2010,Tunbridge Wells,76.56968494
2011,Tunbridge Wells,67.8173127
2012,Tunbridge Wells,98.77765078
2013,Tunbridge Wells,75.49629099
2014,Tunbridge Wells,78.84501249
2007,Tyne and Wear (Met County),130.6535735
2008,Tyne and Wear (Met County),123.7181802
2009,Tyne and Wear (Met County),110.4973719
2010,Tyne and Wear (Met County),116.4436827
2011,Tyne and Wear (Met County),105.2850332
2012,Tyne and Wear (Met County),109.44146
2013,Tyne and Wear (Met County),96.36652759
2014,Tyne and Wear (Met County),101.2659494
2007,Uttlesford,132.4663458
2008,Uttlesford,50.42817632
2009,Uttlesford,75.71653511
2010,Uttlesford,95.14167112
2011,Uttlesford,85.80533803
2012,Uttlesford,90.44701435
2013,Uttlesford,74.66805306
2014,Uttlesford,84.56211504
2007,Vale of White Horse,59.39936242
2008,Vale of White Horse,62.44320096
2009,Vale of White Horse,74.07328647
2010,Vale of White Horse,77.05463911
2011,Vale of White Horse,89.05640521
2012,Vale of White Horse,92.18367828
2013,Vale of White Horse,82.03015921
2014,Vale of White Horse,60.56431919
2007,Wakefield,133.8505385
2008,Wakefield,123.9396675
2009,Wakefield,108.689861
2010,Wakefield,106.8178113
2011,Wakefield,110.3475604
2012,Wakefield,105.0687721
2013,Wakefield,94.51516388
2014,Wakefield,115.3573724
2007,Walsall,121.5862467
2008,Walsall,116.6687338
2009,Walsall,118.8183319
2010,Walsall,99.00860235
2011,Walsall,108.1702785
2012,Walsall,112.257799
2013,Walsall,95.58208393
2014,Walsall,97.96660551
2007,Waltham Forest,118.3768353
2008,Waltham Forest,131.852062
2009,Waltham Forest,134.5512424
2010,Waltham Forest,119.4976158
2011,Waltham Forest,116.0830996
2012,Waltham Forest,93.95793984
2013,Waltham Forest,107.5953216
2014,Waltham Forest,107.0279233
2007,Wandsworth,112.9140105
2008,Wandsworth,128.7889904
2009,Wandsworth,97.21974318
2010,Wandsworth,78.65043837
2011,Wandsworth,101.8445764
2012,Wandsworth,92.63340237
2013,Wandsworth,96.64074446
2014,Wandsworth,98.38024978
2007,Warrington,123.5773311
2008,Warrington,138.2502829
2009,Warrington,112.4780156
2010,Warrington,99.31149259
2011,Warrington,93.01412725
2012,Warrington,101.9670947
2013,Warrington,115.7734548
2014,Warrington,97.99944932
2007,Warwick,82.23110596
2008,Warwick,83.83128166
2009,Warwick,81.48100969
2010,Warwick,83.30134703
2011,Warwick,94.73774294
2012,Warwick,83.57009015
2013,Warwick,85.65667936
2014,Warwick,81.91650243
2007,Warwickshire,98.90239528
2008,Warwickshire,87.86952837
2009,Warwickshire,94.19835653
2010,Warwickshire,89.27804145
2011,Warwickshire,96.06413164
2012,Warwickshire,87.12086971
2013,Warwickshire,87.37078621
2014,Warwickshire,82.46910799
2007,Watford,122.1146773
2008,Watford,99.34783506
2009,Watford,75.23751099
2010,Watford,72.76316803
2011,Watford,110.8466552
2012,Watford,96.20089797
2013,Watford,67.13539313
2014,Watford,122.3855432
2007,Waveney,93.36679063
2008,Waveney,114.9420085
2009,Waveney,78.79081848
2010,Waveney,93.94618528
2011,Waveney,68.91289232
2012,Waveney,82.94070182
2013,Waveney,92.79602154
2014,Waveney,73.40820596
2007,Waverley,62.18797806
2008,Waverley,62.03842899
2009,Waverley,70.15948637
2010,Waverley,82.89658481
2011,Waverley,53.63194827
2012,Waverley,64.02768258
2013,Waverley,71.73954438
2014,Waverley,94.28767005
2007,Wealden,77.31164538
2008,Wealden,79.61452183
2009,Wealden,69.85354324
2010,Wealden,78.04819075
2011,Wealden,76.75712208
2012,Wealden,78.80670666
2013,Wealden,67.91128504
2014,Wealden,71.49104033
2007,Wellingborough,127.3730134
2008,Wellingborough,94.66791771
2009,Wellingborough,85.30812184
2010,Wellingborough,66.35514684
2011,Wellingborough,89.21649176
2012,Wellingborough,79.39603481
2013,Wellingborough,78.35855952
2014,Wellingborough,82.59975517
2007,Welwyn Hatfield,91.22893046
2008,Welwyn Hatfield,89.95150728
2009,Welwyn Hatfield,87.86946512
2010,Welwyn Hatfield,103.1073154
2011,Welwyn Hatfield,98.04320741
2012,Welwyn Hatfield,83.80289552
2013,Welwyn Hatfield,85.86073755
2014,Welwyn Hatfield,105.7863953
2007,West Berkshire,81.84794642
2008,West Berkshire,90.95427328
2009,West Berkshire,76.15555871
2010,West Berkshire,97.4579764
2011,West Berkshire,98.22192636
2012,West Berkshire,73.45878031
2013,West Berkshire,76.63609813
2014,West Berkshire,59.73384365
2007,West Devon,68.03443997
2008,West Devon,75.56943464
2009,West Devon,96.44903172
2010,West Devon,74.93892014
2011,West Devon,65.92641146
2012,West Devon,70.33210907
2013,West Devon,48.10888797
2014,West Devon,68.52661712
2007,West Dorset,79.05013603
2008,West Dorset,49.5210315
2009,West Dorset,84.83418656
2010,West Dorset,64.24606668
2011,West Dorset,72.02750907
2012,West Dorset,64.76038286
2013,West Dorset,62.16940802
2014,West Dorset,68.72857022
2007,West Lancashire,110.0874037
2008,West Lancashire,88.07711656
2009,West Lancashire,120.5555555
2010,West Lancashire,100.3160146
2011,West Lancashire,121.1051288
2012,West Lancashire,106.3696063
2013,West Lancashire,80.34008685
2014,West Lancashire,86.30403516
2007,West Lindsey,115.4047508
2008,West Lindsey,132.0446743
2009,West Lindsey,103.9613947
2010,West Lindsey,77.41948957
2011,West Lindsey,94.89864595
2012,West Lindsey,58.92662016
2013,West Lindsey,108.2232049
2014,West Lindsey,66.65429241
2007,WEST MIDLANDS,115.8818475
2008,WEST MIDLANDS,114.0458086
2009,WEST MIDLANDS,106.5462723
2010,WEST MIDLANDS,102.2256559
2011,WEST MIDLANDS,101.805953
2012,WEST MIDLANDS,97.22566056
2013,WEST MIDLANDS,96.20479524
2014,WEST MIDLANDS,93.70615263
2007,West Midlands (Met County),127.8346083
2008,West Midlands (Met County),124.1229238
2009,West Midlands (Met County),113.4353243
2010,West Midlands (Met County),117.6269963
2011,West Midlands (Met County),110.0155095
2012,West Midlands (Met County),105.279092
2013,West Midlands (Met County),100.4603309
2014,West Midlands (Met County),105.3346277
2007,West Oxfordshire,101.2498509
2008,West Oxfordshire,95.94817339
2009,West Oxfordshire,79.40154016
2010,West Oxfordshire,75.44660798
2011,West Oxfordshire,87.98616131
2012,West Oxfordshire,86.90731221
2013,West Oxfordshire,69.33621546
2014,West Oxfordshire,69.95888674
2007,West Somerset,112.5147186
2008,West Somerset,149.3468111
2009,West Somerset,79.76177482
2010,West Somerset,68.91019025
2011,West Somerset,100.5825323
2012,West Somerset,93.21020902
2013,West Somerset,62.75844474
2014,West Somerset,73.99294784
2007,West Sussex,95.52665205
2008,West Sussex,95.05778496
2009,West Sussex,82.65014648
2010,West Sussex,94.13385051
2011,West Sussex,84.40414999
2012,West Sussex,82.98502182
2013,West Sussex,78.18094889
2014,West Sussex,76.44348209
2007,West Yorkshire (Met County),130.7580135
2008,West Yorkshire (Met County),123.892188
2009,West Yorkshire (Met County),111.4817014
2010,West Yorkshire (Met County),105.2490892
2011,West Yorkshire (Met County),107.2001299
2012,West Yorkshire (Met County),104.4548457
2013,West Yorkshire (Met County),102.8247199
2014,West Yorkshire (Met County),102.0554936
2007,"Westminster, City of",66.66230206
2008,"Westminster, City of",92.88614226
2009,"Westminster, City of",97.00297407
2010,"Westminster, City of",87.56981744
2011,"Westminster, City of",72.79138397
2012,"Westminster, City of",85.51589645
2013,"Westminster, City of",77.03943482
2014,"Westminster, City of",75.03524008
2007,Weymouth and Portland,130.1576286
2008,Weymouth and Portland,98.45508486
2009,Weymouth and Portland,117.9908447
2010,Weymouth and Portland,64.51703354
2011,Weymouth and Portland,103.4766303
2012,Weymouth and Portland,98.33845111
2013,Weymouth and Portland,80.50779205
2014,Weymouth and Portland,96.56227714
2007,Wigan,154.2491884
2008,Wigan,128.8345275
2009,Wigan,113.6228966
2010,Wigan,120.7176578
2011,Wigan,122.449581
2012,Wigan,118.0422538
2013,Wigan,107.2742383
2014,Wigan,111.802854
2007,Wiltshire,87.78347216
2008,Wiltshire,85.04713336
2009,Wiltshire,92.65460151
2010,Wiltshire,84.51976003
2011,Wiltshire,87.40232448
2012,Wiltshire,81.72866227
2013,Wiltshire,84.68515532
2014,Wiltshire,70.96334153
2007,Winchester,103.6192101
2008,Winchester,97.17829476
2009,Winchester,82.83045298
2010,Winchester,57.6238688
2011,Winchester,66.11215614
2012,Winchester,72.64060843
2013,Winchester,58.6323285
2014,Winchester,64.46085659
2007,Windsor and Maidenhead,113.063828
2008,Windsor and Maidenhead,92.94905999
2009,Windsor and Maidenhead,88.87367446
2010,Windsor and Maidenhead,74.46413212
2011,Windsor and Maidenhead,103.0231896
2012,Windsor and Maidenhead,82.000058
2013,Windsor and Maidenhead,84.08078634
2014,Windsor and Maidenhead,77.92533665
2007,Wirral,111.7417101
2008,Wirral,120.504222
2009,Wirral,126.0869914
2010,Wirral,125.7410381
2011,Wirral,98.45915923
2012,Wirral,101.5083521
2013,Wirral,88.19416019
2014,Wirral,90.67788994
2007,Woking,79.57136074
2008,Woking,73.43564514
2009,Woking,80.0287334
2010,Woking,62.86695931
2011,Woking,79.64833623
2012,Woking,51.35049358
2013,Woking,61.83225917
2014,Woking,68.44490998
2007,Wokingham,94.29555181
2008,Wokingham,80.26980184
2009,Wokingham,69.30389497
2010,Wokingham,87.79659916
2011,Wokingham,63.34873685
2012,Wokingham,76.72371334
2013,Wokingham,87.64162442
2014,Wokingham,66.93285243
2007,Wolverhampton,118.0590968
2008,Wolverhampton,131.210178
2009,Wolverhampton,110.5644832
2010,Wolverhampton,137.3911021
2011,Wolverhampton,107.6402282
2012,Wolverhampton,107.8963588
2013,Wolverhampton,107.4793377
2014,Wolverhampton,105.0318285
2007,Worcester,123.984746
2008,Worcester,138.9277044
2009,Worcester,104.7476664
2010,Worcester,80.58298769
2011,Worcester,94.88519559
2012,Worcester,97.43258828
2013,Worcester,123.2860964
2014,Worcester,111.3867605
2007,Worcestershire,103.0374263
2008,Worcestershire,107.2237033
2009,Worcestershire,90.36045217
2010,Worcestershire,80.72610816
2011,Worcestershire,91.15087599
2012,Worcestershire,82.46594877
2013,Worcestershire,98.66276812
2014,Worcestershire,90.53467622
2007,Worthing,123.3555664
2008,Worthing,123.5883346
2009,Worthing,72.59205126
2010,Worthing,90.78919806
2011,Worthing,79.24640596
2012,Worthing,70.55933863
2013,Worthing,97.86975385
2014,Worthing,88.2053546
2007,Wychavon,105.4459718
2008,Wychavon,108.840673
2009,Wychavon,84.62827753
2010,Wychavon,78.02541069
2011,Wychavon,79.08735849
2012,Wychavon,68.19473628
2013,Wychavon,97.08685441
2014,Wychavon,79.01422457
2007,Wycombe,123.179063
2008,Wycombe,85.4766511
2009,Wycombe,80.54975436
2010,Wycombe,89.97649793
2011,Wycombe,101.8705362
2012,Wycombe,102.5691888
2013,Wycombe,71.46551635
2014,Wycombe,66.52744639
2007,Wyre,137.4186811
2008,Wyre,97.02539911
2009,Wyre,103.1034078
2010,Wyre,115.9133724
2011,Wyre,131.4736683
2012,Wyre,109.4172573
2013,Wyre,110.8184889
2014,Wyre,92.30165251
2007,Wyre Forest,117.5473113
2008,Wyre Forest,92.18732824
2009,Wyre Forest,91.32281863
2010,Wyre Forest,77.40106914
2011,Wyre Forest,102.8300524
2012,Wyre Forest,93.80529672
2013,Wyre Forest,82.73867998
2014,Wyre Forest,88.48093887
2007,York,100.3547952
2008,York,98.64819542
2009,York,89.59490388
2010,York,96.10453871
2011,York,95.16213714
2012,York,71.46586987
2013,York,77.59842732
2014,York,71.34366841
2007,YORKSHIRE AND THE HUMBER,121.94305
2008,YORKSHIRE AND THE HUMBER,119.9379525
2009,YORKSHIRE AND THE HUMBER,107.3586301
2010,YORKSHIRE AND THE HUMBER,104.6243928
2011,YORKSHIRE AND THE HUMBER,107.0374481
2012,YORKSHIRE AND THE HUMBER,98.49054557
2013,YORKSHIRE AND THE HUMBER,94.58991141
2014,YORKSHIRE AND THE HUMBER,94.75772122
