year,ltla.name,male_dsr
2007,Adur,152.1683841
2008,Adur,124.5600666
2009,Adur,130.669335
2010,Adur,103.085815
2011,Adur,153.1865292
2012,Adur,94.45201482
2013,Adur,121.2254408
2014,Adur,120.7411278
2007,Allerdale,149.204128
2008,Allerdale,147.6114047
2009,Allerdale,129.986448
2010,Allerdale,181.4148197
2011,Allerdale,155.8719196
2012,Allerdale,137.9522309
2013,Allerdale,120.7251853
2014,Allerdale,141.7817982
2007,Amber Valley,178.862362
2008,Amber Valley,173.2240407
2009,Amber Valley,163.8451301
2010,Amber Valley,159.2539012
2011,Amber Valley,161.3913903
2012,Amber Valley,129.2126235
2013,Amber Valley,143.7374067
2014,Amber Valley,133.7909038
2007,Arun,114.0948125
2008,Arun,141.9160669
2009,Arun,165.3712678
2010,Arun,135.6941419
2011,Arun,141.1574064
2012,Arun,104.1239689
2013,Arun,109.4937837
2014,Arun,136.6834453
2007,Ashfield,193.7512262
2008,Ashfield,185.0733507
2009,Ashfield,138.0137682
2010,Ashfield,164.8514731
2011,Ashfield,176.9452749
2012,Ashfield,148.3985087
2013,Ashfield,130.8816167
2014,Ashfield,136.0290701
2007,Ashford,162.390959
2008,Ashford,120.6095988
2009,Ashford,114.1098732
2010,Ashford,166.3391976
2011,Ashford,145.1934426
2012,Ashford,126.2639529
2013,Ashford,108.0512524
2014,Ashford,95.41967206
2007,Aylesbury Vale,130.781004
2008,Aylesbury Vale,110.1915064
2009,Aylesbury Vale,127.68249
2010,Aylesbury Vale,99.70391986
2011,Aylesbury Vale,124.4981295
2012,Aylesbury Vale,104.5745261
2013,Aylesbury Vale,85.90524843
2014,Aylesbury Vale,101.4855045
2007,Babergh,87.89542991
2008,Babergh,108.8867912
2009,Babergh,130.7587391
2010,Babergh,109.8367004
2011,Babergh,83.96845105
2012,Babergh,100.79156
2013,Babergh,66.07251962
2014,Babergh,109.4901274
2007,Barking and Dagenham,204.2755681
2008,Barking and Dagenham,208.61367
2009,Barking and Dagenham,203.1604993
2010,Barking and Dagenham,155.2151564
2011,Barking and Dagenham,188.7217448
2012,Barking and Dagenham,177.2901251
2013,Barking and Dagenham,195.2039176
2014,Barking and Dagenham,224.1280688
2007,Barnet,130.774894
2008,Barnet,135.7377936
2009,Barnet,143.0301762
2010,Barnet,129.3502254
2011,Barnet,122.3802734
2012,Barnet,117.0300198
2013,Barnet,125.2380403
2014,Barnet,105.3950357
2007,Barnsley,199.1532323
2008,Barnsley,179.8708556
2009,Barnsley,167.8554645
2010,Barnsley,202.9807457
2011,Barnsley,177.0501856
2012,Barnsley,148.3929651
2013,Barnsley,156.942761
2014,Barnsley,151.9564343
2007,Barrow-in-Furness,149.7888526
2008,Barrow-in-Furness,202.8071741
2009,Barrow-in-Furness,150.1819546
2010,Barrow-in-Furness,165.534747
2011,Barrow-in-Furness,185.1214999
2012,Barrow-in-Furness,161.1879341
2013,Barrow-in-Furness,174.3635451
2014,Barrow-in-Furness,190.9718155
2007,Basildon,163.9591781
2008,Basildon,144.2100812
2009,Basildon,137.0698363
2010,Basildon,158.9126212
2011,Basildon,137.3398191
2012,Basildon,126.3882822
2013,Basildon,119.6499894
2014,Basildon,122.7930996
2007,Basingstoke and Deane,157.2088346
2008,Basingstoke and Deane,112.8711665
2009,Basingstoke and Deane,123.0522864
2010,Basingstoke and Deane,109.1568222
2011,Basingstoke and Deane,108.7361365
2012,Basingstoke and Deane,112.3512676
2013,Basingstoke and Deane,108.1388932
2014,Basingstoke and Deane,112.5448823
2007,Bassetlaw,163.9952099
2008,Bassetlaw,174.3607484
2009,Bassetlaw,160.1216404
2010,Bassetlaw,141.4386353
2011,Bassetlaw,130.1285928
2012,Bassetlaw,133.8705379
2013,Bassetlaw,144.4752908
2014,Bassetlaw,121.3659546
2007,Bath and North East Somerset,111.7448872
2008,Bath and North East Somerset,116.8137269
2009,Bath and North East Somerset,111.1493591
2010,Bath and North East Somerset,113.1544567
2011,Bath and North East Somerset,116.0145086
2012,Bath and North East Somerset,107.8053903
2013,Bath and North East Somerset,99.68931192
2014,Bath and North East Somerset,100.4035854
2007,Bedford,151.5220301
2008,Bedford,141.6375218
2009,Bedford,167.8137972
2010,Bedford,157.992411
2011,Bedford,142.6174341
2012,Bedford,132.4316313
2013,Bedford,113.5363346
2014,Bedford,115.9317162
2007,Bexley,152.1630925
2008,Bexley,133.8140442
2009,Bexley,124.5260755
2010,Bexley,124.8082072
2011,Bexley,127.8131685
2012,Bexley,140.0946923
2013,Bexley,107.6064407
2014,Bexley,140.7442313
2007,Birmingham,234.6179894
2008,Birmingham,194.2211932
2009,Birmingham,196.6388311
2010,Birmingham,181.6235601
2011,Birmingham,192.6395023
2012,Birmingham,178.6143677
2013,Birmingham,188.8603183
2014,Birmingham,178.8913388
2007,Blaby,127.9734861
2008,Blaby,109.6835797
2009,Blaby,143.0546219
2010,Blaby,117.1192686
2011,Blaby,121.1570726
2012,Blaby,95.48285532
2013,Blaby,105.9323303
2014,Blaby,104.5949611
2007,Blackburn with Darwen,238.7178229
2008,Blackburn with Darwen,214.2908358
2009,Blackburn with Darwen,189.5233619
2010,Blackburn with Darwen,193.5816363
2011,Blackburn with Darwen,224.7950713
2012,Blackburn with Darwen,191.2631276
2013,Blackburn with Darwen,180.856477
2014,Blackburn with Darwen,207.7715037
2007,Blackpool,222.356171
2008,Blackpool,239.7247909
2009,Blackpool,250.7475886
2010,Blackpool,262.6948012
2011,Blackpool,248.2424123
2012,Blackpool,240.2866022
2013,Blackpool,213.1319632
2014,Blackpool,198.8202582
2007,Bolsover,203.255099
2008,Bolsover,189.7541594
2009,Bolsover,162.1465872
2010,Bolsover,163.1537839
2011,Bolsover,135.4756361
2012,Bolsover,162.1599362
2013,Bolsover,149.9955982
2014,Bolsover,172.3816361
2007,Bolton,216.6389802
2008,Bolton,189.90043
2009,Bolton,211.7823427
2010,Bolton,185.6314585
2011,Bolton,165.3516868
2012,Bolton,179.3946543
2013,Bolton,163.8300554
2014,Bolton,161.8378833
2007,Boston,155.1350094
2008,Boston,195.4080683
2009,Boston,170.3480319
2010,Boston,148.0880915
2011,Boston,125.8550783
2012,Boston,178.4564946
2013,Boston,166.8219437
2014,Boston,172.0074648
2007,Bournemouth,140.0444923
2008,Bournemouth,134.2066753
2009,Bournemouth,144.3275753
2010,Bournemouth,150.7386255
2011,Bournemouth,155.2293613
2012,Bournemouth,150.5524876
2013,Bournemouth,142.362237
2014,Bournemouth,128.523578
2007,Bracknell Forest,178.5812563
2008,Bracknell Forest,152.0316635
2009,Bracknell Forest,105.0699189
2010,Bracknell Forest,128.1013284
2011,Bracknell Forest,117.1934952
2012,Bracknell Forest,120.5502713
2013,Bracknell Forest,123.3934357
2014,Bracknell Forest,81.09195046
2007,Bradford,214.8611443
2008,Bradford,209.3383893
2009,Bradford,194.3672131
2010,Bradford,196.5462869
2011,Bradford,199.2662597
2012,Bradford,179.2599889
2013,Bradford,185.6649491
2014,Bradford,175.6012925
2007,Braintree,164.869841
2008,Braintree,110.7616364
2009,Braintree,113.2565194
2010,Braintree,124.9208431
2011,Braintree,124.9855788
2012,Braintree,130.1395879
2013,Braintree,133.5980663
2014,Braintree,82.6117931
2007,Breckland,117.8397363
2008,Breckland,113.9145321
2009,Breckland,104.7555993
2010,Breckland,127.2959868
2011,Breckland,129.1665901
2012,Breckland,116.1852207
2013,Breckland,102.7177228
2014,Breckland,94.91381654
2007,Brent,179.8175405
2008,Brent,171.5289807
2009,Brent,160.259568
2010,Brent,175.914731
2011,Brent,126.1515397
2012,Brent,191.9334446
2013,Brent,152.1074889
2014,Brent,148.0211509
2007,Brentwood,148.0615035
2008,Brentwood,131.8538498
2009,Brentwood,80.17014108
2010,Brentwood,120.5577241
2011,Brentwood,100.4372766
2012,Brentwood,107.8893281
2013,Brentwood,91.16930061
2014,Brentwood,135.0591428
2007,Brighton and Hove,164.2392052
2008,Brighton and Hove,168.4342141
2009,Brighton and Hove,171.087443
2010,Brighton and Hove,141.9343159
2011,Brighton and Hove,127.575421
2012,Brighton and Hove,148.059557
2013,Brighton and Hove,137.2094386
2014,Brighton and Hove,126.117404
2007,Bristol,175.9942661
2008,Bristol,178.4014769
2009,Bristol,174.269648
2010,Bristol,146.6342628
2011,Bristol,158.4578883
2012,Bristol,139.9738089
2013,Bristol,158.7966722
2014,Bristol,133.1595256
2007,Broadland,134.8985141
2008,Broadland,116.8536901
2009,Broadland,112.1803353
2010,Broadland,80.91199847
2011,Broadland,100.264648
2012,Broadland,103.7224659
2013,Broadland,108.8642825
2014,Broadland,90.06586563
2007,Bromley,145.3789211
2008,Bromley,120.4389926
2009,Bromley,115.4421084
2010,Bromley,117.5207835
2011,Bromley,127.5001973
2012,Bromley,112.1450048
2013,Bromley,108.3827197
2014,Bromley,108.9455433
2007,Bromsgrove,124.1642941
2008,Bromsgrove,124.432167
2009,Bromsgrove,124.9986289
2010,Bromsgrove,119.6383626
2011,Bromsgrove,94.51319738
2012,Bromsgrove,134.1743675
2013,Bromsgrove,107.4276773
2014,Bromsgrove,114.5988873
2007,Broxbourne,131.9344391
2008,Broxbourne,126.3523059
2009,Broxbourne,142.6903416
2010,Broxbourne,135.7789114
2011,Broxbourne,126.4519112
2012,Broxbourne,121.8497508
2013,Broxbourne,126.6574485
2014,Broxbourne,110.0631261
2007,Broxtowe,108.3266094
2008,Broxtowe,152.2580469
2009,Broxtowe,144.6776155
2010,Broxtowe,137.8978103
2011,Broxtowe,152.2712929
2012,Broxtowe,138.6735645
2013,Broxtowe,100.7064135
2014,Broxtowe,114.9543352
2007,Buckinghamshire,135.2024289
2008,Buckinghamshire,116.0130461
2009,Buckinghamshire,119.3877957
2010,Buckinghamshire,96.84179258
2011,Buckinghamshire,129.7894442
2012,Buckinghamshire,99.85035705
2013,Buckinghamshire,99.21431804
2014,Buckinghamshire,97.61517306
2007,Burnley,222.6663176
2008,Burnley,166.9138879
2009,Burnley,214.6948013
2010,Burnley,233.6865916
2011,Burnley,199.044167
2012,Burnley,212.0477292
2013,Burnley,183.8857683
2014,Burnley,153.5246849
2007,Bury,184.1767202
2008,Bury,203.5332096
2009,Bury,159.1352079
2010,Bury,200.9859794
2011,Bury,173.7274212
2012,Bury,175.2193965
2013,Bury,136.3149408
2014,Bury,160.2980614
2007,Calderdale,164.7905156
2008,Calderdale,187.8869374
2009,Calderdale,189.5509998
2010,Calderdale,183.3698099
2011,Calderdale,154.6086639
2012,Calderdale,163.9265561
2013,Calderdale,152.2239301
2014,Calderdale,139.1758611
2007,Cambridge,138.4854693
2008,Cambridge,140.5646241
2009,Cambridge,123.1025414
2010,Cambridge,106.1142923
2011,Cambridge,103.8655421
2012,Cambridge,131.2819994
2013,Cambridge,114.0168569
2014,Cambridge,154.6290064
2007,Cambridgeshire,131.9688897
2008,Cambridgeshire,120.1430176
2009,Cambridgeshire,122.5828213
2010,Cambridgeshire,113.5281513
2011,Cambridgeshire,117.0675446
2012,Cambridgeshire,94.45774966
2013,Cambridgeshire,116.0484268
2014,Cambridgeshire,104.7469902
2007,Camden,191.7560908
2008,Camden,173.3397207
2009,Camden,151.9247529
2010,Camden,167.1530776
2011,Camden,135.5151078
2012,Camden,124.7794551
2013,Camden,138.7869592
2014,Camden,100.2225326
2007,Cannock Chase,170.8123304
2008,Cannock Chase,148.6036836
2009,Cannock Chase,147.7167454
2010,Cannock Chase,142.6533976
2011,Cannock Chase,115.4872314
2012,Cannock Chase,183.2161674
2013,Cannock Chase,150.5406014
2014,Cannock Chase,160.9461231
2007,Canterbury,151.6739933
2008,Canterbury,148.4836106
2009,Canterbury,150.6607256
2010,Canterbury,101.2250753
2011,Canterbury,128.6652752
2012,Canterbury,96.43935322
2013,Canterbury,126.5577342
2014,Canterbury,123.9785912
2007,Carlisle,157.494704
2008,Carlisle,152.1915176
2009,Carlisle,178.1545071
2010,Carlisle,156.4458308
2011,Carlisle,134.4464807
2012,Carlisle,142.0425283
2013,Carlisle,142.5956262
2014,Carlisle,136.1533854
2007,Castle Point,123.2522431
2008,Castle Point,118.8573402
2009,Castle Point,133.6561947
2010,Castle Point,126.5596488
2011,Castle Point,129.7349907
2012,Castle Point,88.42846776
2013,Castle Point,125.6798277
2014,Castle Point,111.2525387
2007,Central Bedfordshire,132.4254473
2008,Central Bedfordshire,115.8717096
2009,Central Bedfordshire,130.9097796
2010,Central Bedfordshire,123.2866254
2011,Central Bedfordshire,127.6360561
2012,Central Bedfordshire,110.3262018
2013,Central Bedfordshire,121.1903141
2014,Central Bedfordshire,104.1573287
2007,Charnwood,142.6513783
2008,Charnwood,146.7506746
2009,Charnwood,121.0700295
2010,Charnwood,130.1432257
2011,Charnwood,129.6102703
2012,Charnwood,131.6176245
2013,Charnwood,107.5098423
2014,Charnwood,109.0087381
2007,Chelmsford,133.162981
2008,Chelmsford,108.5308519
2009,Chelmsford,114.2464248
2010,Chelmsford,96.42738187
2011,Chelmsford,91.50938981
2012,Chelmsford,96.63511649
2013,Chelmsford,122.9379002
2014,Chelmsford,111.1898393
2007,Cheltenham,160.9090831
2008,Cheltenham,112.7898277
2009,Cheltenham,126.002511
2010,Cheltenham,97.68212576
2011,Cheltenham,139.5193165
2012,Cheltenham,118.3990137
2013,Cheltenham,132.8617833
2014,Cheltenham,124.2566753
2007,Cherwell,112.3473561
2008,Cherwell,119.3296416
2009,Cherwell,132.4359385
2010,Cherwell,94.91359194
2011,Cherwell,110.6823461
2012,Cherwell,124.5446375
2013,Cherwell,99.71079296
2014,Cherwell,125.9133096
2007,Cheshire East,148.1338969
2008,Cheshire East,146.8503499
2009,Cheshire East,127.3145212
2010,Cheshire East,115.0351023
2011,Cheshire East,127.1091544
2012,Cheshire East,114.0161791
2013,Cheshire East,119.3984539
2014,Cheshire East,119.4938184
2007,Cheshire West and Chester,150.4184406
2008,Cheshire West and Chester,154.3654722
2009,Cheshire West and Chester,122.3665759
2010,Cheshire West and Chester,143.5856618
2011,Cheshire West and Chester,133.1935384
2012,Cheshire West and Chester,132.4266662
2013,Cheshire West and Chester,123.9529538
2014,Cheshire West and Chester,113.3656835
2007,Chesterfield,161.137635
2008,Chesterfield,168.0088586
2009,Chesterfield,180.9795695
2010,Chesterfield,204.2515827
2011,Chesterfield,176.6520347
2012,Chesterfield,162.3770804
2013,Chesterfield,144.03825
2014,Chesterfield,161.3585022
2007,Chichester,122.9461033
2008,Chichester,125.9833779
2009,Chichester,123.0318929
2010,Chichester,129.343654
2011,Chichester,116.676145
2012,Chichester,124.7020639
2013,Chichester,105.8058039
2014,Chichester,93.65880921
2007,Chiltern,163.0726208
2008,Chiltern,116.7653693
2009,Chiltern,130.7101021
2010,Chiltern,80.24098484
2011,Chiltern,117.036736
2012,Chiltern,96.58525849
2013,Chiltern,100.8941598
2014,Chiltern,90.79831787
2007,Chorley,177.9044246
2008,Chorley,162.0884426
2009,Chorley,139.0556958
2010,Chorley,119.0281523
2011,Chorley,177.5691741
2012,Chorley,137.0118189
2013,Chorley,126.8232754
2014,Chorley,143.9884088
2007,Christchurch,152.546496
2008,Christchurch,78.78142384
2009,Christchurch,97.70152729
2010,Christchurch,112.6938928
2011,Christchurch,121.8627315
2012,Christchurch,87.78572222
2013,Christchurch,105.4531483
2014,Christchurch,88.39287568
2007,City of London,123.0197184
2008,City of London,101.1620066
2009,City of London,85.04543043
2010,City of London,190.2426847
2011,City of London,38.41423365
2012,City of London,121.2373031
2013,City of London,28.56442974
2014,City of London,88.66304146
2007,Colchester,139.1974943
2008,Colchester,151.6432033
2009,Colchester,120.1833497
2010,Colchester,109.2169536
2011,Colchester,150.7734454
2012,Colchester,120.2468884
2013,Colchester,120.1070802
2014,Colchester,113.5766381
2007,Copeland,155.9954094
2008,Copeland,193.2559829
2009,Copeland,154.1074288
2010,Copeland,154.1177244
2011,Copeland,152.7187326
2012,Copeland,156.9989227
2013,Copeland,164.00566
2014,Copeland,137.5532653
2007,Corby,211.3492383
2008,Corby,204.1923345
2009,Corby,194.2524239
2010,Corby,137.8331604
2011,Corby,201.2256903
2012,Corby,161.2464683
2013,Corby,206.3106404
2014,Corby,207.6700002
2007,Cornwall,153.5006639
2008,Cornwall,141.6664292
2009,Cornwall,133.4641778
2010,Cornwall,123.8611748
2011,Cornwall,133.1852639
2012,Cornwall,123.6707463
2013,Cornwall,121.9093279
2014,Cornwall,121.4021914
2007,Cotswold,127.4922523
2008,Cotswold,98.0177781
2009,Cotswold,97.01350132
2010,Cotswold,102.0572223
2011,Cotswold,98.8718269
2012,Cotswold,108.7925113
2013,Cotswold,94.71640505
2014,Cotswold,92.0146687
2007,County Durham,169.7539848
2008,County Durham,182.9407824
2009,County Durham,167.8427286
2010,County Durham,172.7346759
2011,County Durham,161.7198929
2012,County Durham,149.2303683
2013,County Durham,137.5064423
2014,County Durham,137.8084547
2007,Coventry,192.2221319
2008,Coventry,196.1712619
2009,Coventry,175.4980684
2010,Coventry,143.6666875
2011,Coventry,174.2522759
2012,Coventry,165.9146237
2013,Coventry,158.5670312
2014,Coventry,154.9728189
2007,Craven,172.0201208
2008,Craven,137.2634086
2009,Craven,136.9745478
2010,Craven,134.5694467
2011,Craven,109.8898592
2012,Craven,83.80488052
2013,Craven,64.61261724
2014,Craven,119.2599411
2007,Crawley,168.3142511
2008,Crawley,124.5563477
2009,Crawley,114.7691555
2010,Crawley,152.9090044
2011,Crawley,136.7074007
2012,Crawley,147.4104198
2013,Crawley,108.4242745
2014,Crawley,164.1805106
2007,Croydon,175.5460282
2008,Croydon,153.4429077
2009,Croydon,130.4429753
2010,Croydon,154.5776971
2011,Croydon,152.828237
2012,Croydon,148.4111262
2013,Croydon,148.3469919
2014,Croydon,141.7969723
2007,Cumbria,147.1781579
2008,Cumbria,156.2213224
2009,Cumbria,146.7179683
2010,Cumbria,148.0911417
2011,Cumbria,141.2730057
2012,Cumbria,129.4285181
2013,Cumbria,133.7774089
2014,Cumbria,131.0608141
2007,Dacorum,144.9373114
2008,Dacorum,119.4923432
2009,Dacorum,85.08031829
2010,Dacorum,122.0183595
2011,Dacorum,144.8024725
2012,Dacorum,144.5640653
2013,Dacorum,119.3136876
2014,Dacorum,114.2221754
2007,Darlington,166.5967718
2008,Darlington,186.1259678
2009,Darlington,196.816788
2010,Darlington,131.8638773
2011,Darlington,129.498885
2012,Darlington,160.9598034
2013,Darlington,151.0563309
2014,Darlington,146.0685476
2007,Dartford,141.6485096
2008,Dartford,142.6770824
2009,Dartford,176.3075754
2010,Dartford,163.7662832
2011,Dartford,126.2749913
2012,Dartford,171.4020976
2013,Dartford,141.1991944
2014,Dartford,142.5095523
2007,Daventry,137.5825181
2008,Daventry,107.8543924
2009,Daventry,129.5987898
2010,Daventry,185.0090478
2011,Daventry,134.379168
2012,Daventry,129.7305679
2013,Daventry,114.3689158
2014,Daventry,79.58992809
2007,Derby,195.9556763
2008,Derby,188.9316854
2009,Derby,169.4979941
2010,Derby,166.6228882
2011,Derby,165.3071152
2012,Derby,121.4310404
2013,Derby,164.7498066
2014,Derby,187.7184656
2007,Derbyshire,167.2243625
2008,Derbyshire,160.1705221
2009,Derbyshire,148.3615469
2010,Derbyshire,155.5892228
2011,Derbyshire,147.1292994
2012,Derbyshire,131.381171
2013,Derbyshire,133.6496892
2014,Derbyshire,134.1257949
2007,Derbyshire Dales,147.793324
2008,Derbyshire Dales,130.4289577
2009,Derbyshire Dales,135.2644822
2010,Derbyshire Dales,102.2079335
2011,Derbyshire Dales,114.6746392
2012,Derbyshire Dales,114.414979
2013,Derbyshire Dales,117.5750113
2014,Derbyshire Dales,84.76044812
2007,Devon,148.8734047
2008,Devon,132.3575169
2009,Devon,117.4059473
2010,Devon,110.0383707
2011,Devon,118.2308288
2012,Devon,106.0608225
2013,Devon,117.4657219
2014,Devon,106.6475503
2007,Doncaster,182.6236848
2008,Doncaster,189.9942817
2009,Doncaster,178.9621816
2010,Doncaster,171.1439983
2011,Doncaster,151.6551807
2012,Doncaster,168.6904685
2013,Doncaster,142.6552335
2014,Doncaster,171.7331826
2007,Dorset,125.2257895
2008,Dorset,125.8948014
2009,Dorset,100.2829328
2010,Dorset,123.2633312
2011,Dorset,103.9018925
2012,Dorset,92.01152228
2013,Dorset,105.9952606
2014,Dorset,96.40462476
2007,Dover,176.6881206
2008,Dover,128.7210091
2009,Dover,168.7893675
2010,Dover,123.7868975
2011,Dover,139.4766437
2012,Dover,139.6257964
2013,Dover,139.7740541
2014,Dover,94.18233783
2007,Dudley,176.7550907
2008,Dudley,172.3294862
2009,Dudley,170.0717389
2010,Dudley,149.2356378
2011,Dudley,150.6380169
2012,Dudley,133.946062
2013,Dudley,134.731352
2014,Dudley,136.4800413
2007,Ealing,203.4034702
2008,Ealing,190.1372304
2009,Ealing,158.0132242
2010,Ealing,192.8307019
2011,Ealing,137.5868354
2012,Ealing,145.5175152
2013,Ealing,146.2274285
2014,Ealing,148.8686172
2007,East Cambridgeshire,136.4931999
2008,East Cambridgeshire,121.0495634
2009,East Cambridgeshire,109.2061043
2010,East Cambridgeshire,106.8333908
2011,East Cambridgeshire,108.7774799
2012,East Cambridgeshire,77.89046891
2013,East Cambridgeshire,78.78850726
2014,East Cambridgeshire,97.0645595
2007,East Devon,108.2349866
2008,East Devon,102.6095376
2009,East Devon,120.8246432
2010,East Devon,85.15629718
2011,East Devon,106.0984342
2012,East Devon,85.80213906
2013,East Devon,117.5932314
2014,East Devon,84.18074484
2007,East Dorset,109.4079251
2008,East Dorset,111.1163809
2009,East Dorset,67.44524422
2010,East Dorset,104.8234412
2011,East Dorset,95.65875236
2012,East Dorset,70.65545959
2013,East Dorset,94.78746859
2014,East Dorset,99.5853323
2007,East Hampshire,116.9058839
2008,East Hampshire,110.7375117
2009,East Hampshire,102.5209971
2010,East Hampshire,94.69436922
2011,East Hampshire,69.98858739
2012,East Hampshire,119.5165017
2013,East Hampshire,78.2829744
2014,East Hampshire,101.500442
2007,East Hertfordshire,113.0182269
2008,East Hertfordshire,127.2215142
2009,East Hertfordshire,120.6860053
2010,East Hertfordshire,108.6669479
2011,East Hertfordshire,94.89157558
2012,East Hertfordshire,98.84097895
2013,East Hertfordshire,80.02250567
2014,East Hertfordshire,136.2471229
2007,East Lindsey,151.7603904
2008,East Lindsey,145.6814853
2009,East Lindsey,148.8403345
2010,East Lindsey,174.8851064
2011,East Lindsey,181.8656054
2012,East Lindsey,156.0644952
2013,East Lindsey,182.2351483
2014,East Lindsey,138.9633811
2007,EAST MIDLANDS,162.6537933
2008,EAST MIDLANDS,158.2545365
2009,EAST MIDLANDS,153.1024898
2010,EAST MIDLANDS,150.569033
2011,EAST MIDLANDS,149.498098
2012,EAST MIDLANDS,136.0511052
2013,EAST MIDLANDS,138.8878656
2014,EAST MIDLANDS,132.4094009
2007,East Northamptonshire,113.5109556
2008,East Northamptonshire,107.9020884
2009,East Northamptonshire,123.3093893
2010,East Northamptonshire,119.6536585
2011,East Northamptonshire,142.0838997
2012,East Northamptonshire,98.70067298
2013,East Northamptonshire,142.5341424
2014,East Northamptonshire,123.1644141
2007,EAST OF ENGLAND,141.2258459
2008,EAST OF ENGLAND,133.05979
2009,EAST OF ENGLAND,130.1563291
2010,EAST OF ENGLAND,126.8319175
2011,EAST OF ENGLAND,125.2523241
2012,EAST OF ENGLAND,119.5478289
2013,EAST OF ENGLAND,121.3200074
2014,EAST OF ENGLAND,112.6367626
2007,East Riding of Yorkshire,169.3310164
2008,East Riding of Yorkshire,144.3759397
2009,East Riding of Yorkshire,150.3573873
2010,East Riding of Yorkshire,126.5883793
2011,East Riding of Yorkshire,143.135517
2012,East Riding of Yorkshire,122.2467115
2013,East Riding of Yorkshire,118.935411
2014,East Riding of Yorkshire,141.7863546
2007,East Staffordshire,189.9435327
2008,East Staffordshire,177.080472
2009,East Staffordshire,177.0615661
2010,East Staffordshire,184.6789264
2011,East Staffordshire,150.387981
2012,East Staffordshire,136.496544
2013,East Staffordshire,142.7865655
2014,East Staffordshire,94.66947974
2007,East Sussex,117.5351461
2008,East Sussex,125.3627117
2009,East Sussex,128.1475424
2010,East Sussex,130.7767905
2011,East Sussex,128.0824861
2012,East Sussex,116.2350726
2013,East Sussex,121.8414687
2014,East Sussex,105.0428077
2007,Eastbourne,142.1046065
2008,Eastbourne,136.7450661
2009,Eastbourne,131.1066864
2010,Eastbourne,195.0320745
2011,Eastbourne,111.1629444
2012,Eastbourne,140.7934936
2013,Eastbourne,125.0810262
2014,Eastbourne,118.9717434
2007,Eastleigh,130.2100928
2008,Eastleigh,120.1644653
2009,Eastleigh,102.5173498
2010,Eastleigh,95.43737579
2011,Eastleigh,116.5828922
2012,Eastleigh,93.59132475
2013,Eastleigh,105.0944097
2014,Eastleigh,106.938638
2007,Eden,182.029104
2008,Eden,133.3366132
2009,Eden,149.0023846
2010,Eden,130.8483236
2011,Eden,114.1664673
2012,Eden,119.0769571
2013,Eden,114.3479957
2014,Eden,103.8127523
2007,Elmbridge,94.1502842
2008,Elmbridge,124.5168201
2009,Elmbridge,97.03416648
2010,Elmbridge,110.6270725
2011,Elmbridge,93.71449895
2012,Elmbridge,114.9040401
2013,Elmbridge,103.2185682
2014,Elmbridge,96.28979077
2007,Enfield,170.4010515
2008,Enfield,160.8971914
2009,Enfield,148.301938
2010,Enfield,132.0954551
2011,Enfield,128.9764228
2012,Enfield,120.4573511
2013,Enfield,118.9113522
2014,Enfield,111.8094349
2007,ENGLAND,165.9828957
2008,ENGLAND,158.9249698
2009,ENGLAND,149.3437399
2010,ENGLAND,144.9572452
2011,ENGLAND,144.1521277
2012,ENGLAND,136.406648
2013,ENGLAND,135.4603814
2014,ENGLAND,131.3591766
2007,ENGLAND AND WALES,167.0627115
2008,ENGLAND AND WALES,159.8090081
2009,ENGLAND AND WALES,150.5519332
2010,ENGLAND AND WALES,145.7801977
2011,ENGLAND AND WALES,145.1610827
2012,ENGLAND AND WALES,137.7425393
2013,ENGLAND AND WALES,136.8309887
2014,ENGLAND AND WALES,132.2230096
2007,Epping Forest,131.1814428
2008,Epping Forest,154.1639416
2009,Epping Forest,140.8408505
2010,Epping Forest,151.9434088
2011,Epping Forest,123.8835659
2012,Epping Forest,135.411116
2013,Epping Forest,105.2094392
2014,Epping Forest,106.6542606
2007,Epsom and Ewell,119.2165609
2008,Epsom and Ewell,98.79285926
2009,Epsom and Ewell,105.1388037
2010,Epsom and Ewell,112.0574542
2011,Epsom and Ewell,117.9824247
2012,Epsom and Ewell,67.97787502
2013,Epsom and Ewell,139.7055251
2014,Epsom and Ewell,137.1028243
2007,Erewash,159.371635
2008,Erewash,147.9842202
2009,Erewash,113.5330341
2010,Erewash,164.2531514
2011,Erewash,151.3198115
2012,Erewash,100.3112946
2013,Erewash,125.1555865
2014,Erewash,109.7266403
2007,Essex,141.940665
2008,Essex,132.7822229
2009,Essex,122.9960742
2010,Essex,130.5743086
2011,Essex,122.4042897
2012,Essex,117.7773715
2013,Essex,120.4682926
2014,Essex,104.0650773
2007,Exeter,171.559057
2008,Exeter,179.3461081
2009,Exeter,124.3693264
2010,Exeter,88.87458341
2011,Exeter,147.1116169
2012,Exeter,143.5715741
2013,Exeter,139.8424797
2014,Exeter,149.0007423
2007,Fareham,92.56819539
2008,Fareham,128.6644615
2009,Fareham,112.568051
2010,Fareham,112.2554654
2011,Fareham,96.24298843
2012,Fareham,92.60990903
2013,Fareham,106.683536
2014,Fareham,81.30280654
2007,Fenland,140.5277957
2008,Fenland,150.0210554
2009,Fenland,165.7656488
2010,Fenland,153.5076642
2011,Fenland,165.4589675
2012,Fenland,105.9645288
2013,Fenland,166.466074
2014,Fenland,141.8143862
2007,Forest Heath,208.8131435
2008,Forest Heath,131.4433069
2009,Forest Heath,105.5015396
2010,Forest Heath,154.6233208
2011,Forest Heath,98.02618765
2012,Forest Heath,169.0968553
2013,Forest Heath,151.7613027
2014,Forest Heath,149.2072359
2007,Forest of Dean,137.1437662
2008,Forest of Dean,118.4768194
2009,Forest of Dean,111.9837437
2010,Forest of Dean,110.6523584
2011,Forest of Dean,134.7993766
2012,Forest of Dean,121.2674509
2013,Forest of Dean,131.2029787
2014,Forest of Dean,130.9605448
2007,Fylde,137.9956387
2008,Fylde,142.1516315
2009,Fylde,127.6407275
2010,Fylde,111.8399052
2011,Fylde,148.9784006
2012,Fylde,127.2773524
2013,Fylde,140.5788479
2014,Fylde,134.0781667
2007,Gateshead,194.8116975
2008,Gateshead,158.7898152
2009,Gateshead,183.0371117
2010,Gateshead,170.1945329
2011,Gateshead,175.2640465
2012,Gateshead,176.353774
2013,Gateshead,158.3626648
2014,Gateshead,182.8302481
2007,Gedling,150.6476928
2008,Gedling,155.8295669
2009,Gedling,169.6062096
2010,Gedling,128.8217347
2011,Gedling,138.2878022
2012,Gedling,96.77302808
2013,Gedling,111.7976725
2014,Gedling,128.792794
2007,Gloucester,207.0845225
2008,Gloucester,130.6126789
2009,Gloucester,173.3939937
2010,Gloucester,167.3723388
2011,Gloucester,213.0706865
2012,Gloucester,105.4441531
2013,Gloucester,137.2143629
2014,Gloucester,168.3940736
2007,Gloucestershire,148.3194754
2008,Gloucestershire,119.306297
2009,Gloucestershire,127.6298858
2010,Gloucestershire,119.3354225
2011,Gloucestershire,138.8035276
2012,Gloucestershire,112.6408419
2013,Gloucestershire,124.6942456
2014,Gloucestershire,121.8306483
2007,Gosport,158.3572796
2008,Gosport,122.8046093
2009,Gosport,93.96476463
2010,Gosport,173.7546794
2011,Gosport,139.1715154
2012,Gosport,157.1757249
2013,Gosport,185.2217851
2014,Gosport,154.7927019
2007,Gravesham,123.0630771
2008,Gravesham,136.2477372
2009,Gravesham,135.657365
2010,Gravesham,155.1784996
2011,Gravesham,156.3112665
2012,Gravesham,129.9701734
2013,Gravesham,144.6641701
2014,Gravesham,147.5920652
2007,Great Yarmouth,158.6952991
2008,Great Yarmouth,129.4800757
2009,Great Yarmouth,139.7743859
2010,Great Yarmouth,152.5477399
2011,Great Yarmouth,165.1783369
2012,Great Yarmouth,183.3750111
2013,Great Yarmouth,147.7816884
2014,Great Yarmouth,138.5730867
2007,Greater London,175.7423295
2008,Greater London,167.2853182
2009,Greater London,152.3585596
2010,Greater London,147.3062975
2011,Greater London,142.2688256
2012,Greater London,145.2727273
2013,Greater London,140.0633652
2014,Greater London,132.5306691
2007,Greater Manchester (Met County),224.9694545
2008,Greater Manchester (Met County),215.7839004
2009,Greater Manchester (Met County),203.3359539
2010,Greater Manchester (Met County),195.0021465
2011,Greater Manchester (Met County),176.0573099
2012,Greater Manchester (Met County),179.6871953
2013,Greater Manchester (Met County),171.5095994
2014,Greater Manchester (Met County),170.3960741
2007,Greenwich,246.7473688
2008,Greenwich,213.6786563
2009,Greenwich,191.6199593
2010,Greenwich,150.3968245
2011,Greenwich,147.1929914
2012,Greenwich,183.3369595
2013,Greenwich,136.4455437
2014,Greenwich,124.8575393
2007,Guildford,119.4661841
2008,Guildford,123.0649833
2009,Guildford,102.6457492
2010,Guildford,112.1230859
2011,Guildford,94.19533742
2012,Guildford,108.7399869
2013,Guildford,110.4651803
2014,Guildford,92.49030896
2007,Hackney,213.4668339
2008,Hackney,233.5189977
2009,Hackney,194.8250718
2010,Hackney,212.0638452
2011,Hackney,188.9950782
2012,Hackney,198.3189968
2013,Hackney,197.8989656
2014,Hackney,149.0557034
2007,Halton,224.3711787
2008,Halton,203.1561484
2009,Halton,170.9930031
2010,Halton,187.0699592
2011,Halton,172.3412383
2012,Halton,175.7246094
2013,Halton,150.036458
2014,Halton,197.8180646
2007,Hambleton,167.0083491
2008,Hambleton,96.51617716
2009,Hambleton,98.63518328
2010,Hambleton,122.9896724
2011,Hambleton,127.3617719
2012,Hambleton,119.6171446
2013,Hambleton,102.2683613
2014,Hambleton,97.09250012
2007,Hammersmith and Fulham,176.3224852
2008,Hammersmith and Fulham,197.5390448
2009,Hammersmith and Fulham,139.0677247
2010,Hammersmith and Fulham,147.0273515
2011,Hammersmith and Fulham,196.1129938
2012,Hammersmith and Fulham,171.1327198
2013,Hammersmith and Fulham,157.9489342
2014,Hammersmith and Fulham,145.0933528
2007,Hampshire,122.0467317
2008,Hampshire,115.1577638
2009,Hampshire,103.7890546
2010,Hampshire,105.3430326
2011,Hampshire,106.8376795
2012,Hampshire,105.2837865
2013,Hampshire,105.8566114
2014,Hampshire,101.7543236
2007,Harborough,155.5747768
2008,Harborough,128.6719963
2009,Harborough,143.7911198
2010,Harborough,105.3527774
2011,Harborough,117.7580189
2012,Harborough,103.8888833
2013,Harborough,99.75580656
2014,Harborough,106.2282603
2007,Haringey,221.252117
2008,Haringey,172.4012595
2009,Haringey,176.5837964
2010,Haringey,146.724393
2011,Haringey,149.6508293
2012,Haringey,184.7105043
2013,Haringey,154.2684975
2014,Haringey,166.1698646
2007,Harlow,164.0047941
2008,Harlow,131.3186733
2009,Harlow,191.5940421
2010,Harlow,173.6582497
2011,Harlow,163.9202947
2012,Harlow,137.2168769
2013,Harlow,152.1374721
2014,Harlow,105.9318773
2007,Harrogate,138.781712
2008,Harrogate,131.5846107
2009,Harrogate,136.0882052
2010,Harrogate,145.1054993
2011,Harrogate,118.5146935
2012,Harrogate,114.0970526
2013,Harrogate,111.5062106
2014,Harrogate,105.5955521
2007,Harrow,125.8728292
2008,Harrow,133.6035114
2009,Harrow,100.0922075
2010,Harrow,119.3553782
2011,Harrow,136.3185302
2012,Harrow,129.0462349
2013,Harrow,120.5347939
2014,Harrow,108.8894005
2007,Hart,137.1845242
2008,Hart,120.2882714
2009,Hart,92.51829496
2010,Hart,64.74605883
2011,Hart,80.60951927
2012,Hart,63.96113769
2013,Hart,77.91045414
2014,Hart,82.07310736
2007,Hartlepool,182.5720394
2008,Hartlepool,202.6685995
2009,Hartlepool,177.8453117
2010,Hartlepool,177.6358584
2011,Hartlepool,163.4565211
2012,Hartlepool,189.5390079
2013,Hartlepool,142.530994
2014,Hartlepool,178.8999104
2007,Hastings,154.3792499
2008,Hastings,139.1300402
2009,Hastings,218.5602512
2010,Hastings,169.9369305
2011,Hastings,163.7491803
2012,Hastings,139.6783566
2013,Hastings,163.0194244
2014,Hastings,144.959902
2007,Havant,126.7969962
2008,Havant,143.8877951
2009,Havant,109.0379926
2010,Havant,141.2634818
2011,Havant,137.3474029
2012,Havant,122.3655161
2013,Havant,118.4688672
2014,Havant,124.6840709
2007,Havering,157.8657598
2008,Havering,160.1358883
2009,Havering,165.6525216
2010,Havering,133.692601
2011,Havering,127.7098583
2012,Havering,116.4728397
2013,Havering,129.2318843
2014,Havering,93.58730274
2007,"Herefordshire, County of",130.386922
2008,"Herefordshire, County of",157.1655247
2009,"Herefordshire, County of",138.2959575
2010,"Herefordshire, County of",123.6039083
2011,"Herefordshire, County of",152.6562596
2012,"Herefordshire, County of",122.0592084
2013,"Herefordshire, County of",132.2484048
2014,"Herefordshire, County of",120.7260946
2007,Hertfordshire,139.2283999
2008,Hertfordshire,133.1625418
2009,Hertfordshire,123.0338824
2010,Hertfordshire,108.9205899
2011,Hertfordshire,121.5192194
2012,Hertfordshire,114.9176074
2013,Hertfordshire,116.8453367
2014,Hertfordshire,119.8051305
2007,Hertsmere,122.3743014
2008,Hertsmere,161.0905308
2009,Hertsmere,118.5511295
2010,Hertsmere,95.10232564
2011,Hertsmere,132.7658745
2012,Hertsmere,137.4803119
2013,Hertsmere,130.6226977
2014,Hertsmere,103.3329895
2007,High Peak,163.2650945
2008,High Peak,168.2054094
2009,High Peak,167.5719173
2010,High Peak,140.6299928
2011,High Peak,153.7603003
2012,High Peak,147.9350237
2013,High Peak,149.3994741
2014,High Peak,158.7423907
2007,Hillingdon,180.8476566
2008,Hillingdon,165.8165594
2009,Hillingdon,128.1841205
2010,Hillingdon,131.9137949
2011,Hillingdon,125.4825791
2012,Hillingdon,149.0921525
2013,Hillingdon,145.4348622
2014,Hillingdon,156.5505679
2007,Hinckley and Bosworth,145.0257646
2008,Hinckley and Bosworth,100.4418916
2009,Hinckley and Bosworth,110.2333075
2010,Hinckley and Bosworth,121.6951938
2011,Hinckley and Bosworth,110.0327537
2012,Hinckley and Bosworth,110.2443596
2013,Hinckley and Bosworth,114.3956093
2014,Hinckley and Bosworth,109.1485892
2007,Horsham,104.1378662
2008,Horsham,102.7325058
2009,Horsham,85.80303812
2010,Horsham,98.17135387
2011,Horsham,72.59191567
2012,Horsham,90.1550891
2013,Horsham,95.94738379
2014,Horsham,118.3721809
2007,Hounslow,183.0278706
2008,Hounslow,171.13177
2009,Hounslow,159.5996316
2010,Hounslow,137.7453359
2011,Hounslow,142.1583212
2012,Hounslow,140.1271482
2013,Hounslow,173.4291889
2014,Hounslow,137.6728991
2007,Huntingdonshire,151.5991269
2008,Huntingdonshire,105.9358648
2009,Huntingdonshire,120.2382711
2010,Huntingdonshire,116.0039638
2011,Huntingdonshire,111.8961542
2012,Huntingdonshire,93.66513452
2013,Huntingdonshire,129.0601429
2014,Huntingdonshire,78.48741977
2007,Hyndburn,204.3362797
2008,Hyndburn,239.0742983
2009,Hyndburn,210.5873445
2010,Hyndburn,186.4315054
2011,Hyndburn,209.1801578
2012,Hyndburn,137.688685
2013,Hyndburn,201.4251192
2014,Hyndburn,176.954759
2007,Inner London Authorities,200.3516383
2008,Inner London Authorities,193.6373399
2009,Inner London Authorities,173.3277062
2010,Inner London Authorities,163.8607988
2011,Inner London Authorities,160.7519549
2012,Inner London Authorities,164.0971458
2013,Inner London Authorities,156.2112055
2014,Inner London Authorities,139.0764218
2007,Ipswich,154.1089901
2008,Ipswich,159.7158582
2009,Ipswich,173.9003534
2010,Ipswich,154.5696703
2011,Ipswich,142.5845351
2012,Ipswich,120.7572579
2013,Ipswich,146.8075949
2014,Ipswich,108.3262405
2007,Isle of Wight,126.2684209
2008,Isle of Wight,133.7056605
2009,Isle of Wight,114.9016006
2010,Isle of Wight,127.8752979
2011,Isle of Wight,120.7873001
2012,Isle of Wight,110.9907364
2013,Isle of Wight,108.8147557
2014,Isle of Wight,138.2548318
2007,Islington,245.2633116
2008,Islington,209.6248978
2009,Islington,225.3919886
2010,Islington,176.4918015
2011,Islington,189.2099341
2012,Islington,216.0192167
2013,Islington,199.1028061
2014,Islington,116.342953
2007,Kensington and Chelsea,104.1849034
2008,Kensington and Chelsea,122.0344977
2009,Kensington and Chelsea,98.34964348
2010,Kensington and Chelsea,109.2883516
2011,Kensington and Chelsea,129.1327456
2012,Kensington and Chelsea,85.50836865
2013,Kensington and Chelsea,93.17309031
2014,Kensington and Chelsea,87.69647665
2007,Kent,150.0624673
2008,Kent,132.9091349
2009,Kent,141.8975874
2010,Kent,136.1127325
2011,Kent,133.4426839
2012,Kent,126.8606676
2013,Kent,125.7635262
2014,Kent,115.2950998
2007,Kettering,155.4090114
2008,Kettering,125.7042483
2009,Kettering,173.8290102
2010,Kettering,152.6849054
2011,Kettering,138.4322411
2012,Kettering,154.989002
2013,Kettering,132.4165597
2014,Kettering,122.5878823
2007,Kings Lynn and West Norfolk,146.358209
2008,Kings Lynn and West Norfolk,123.5685138
2009,Kings Lynn and West Norfolk,152.5453174
2010,Kings Lynn and West Norfolk,141.993754
2011,Kings Lynn and West Norfolk,150.5318951
2012,Kings Lynn and West Norfolk,119.8819962
2013,Kings Lynn and West Norfolk,117.0538198
2014,Kings Lynn and West Norfolk,115.0478458
2007,"Kingston upon Hull, City of",215.7279438
2008,"Kingston upon Hull, City of",251.0096006
2009,"Kingston upon Hull, City of",221.3459276
2010,"Kingston upon Hull, City of",206.0371759
2011,"Kingston upon Hull, City of",211.3362877
2012,"Kingston upon Hull, City of",169.562252
2013,"Kingston upon Hull, City of",188.9370232
2014,"Kingston upon Hull, City of",209.5084739
2007,Kingston upon Thames,126.3313463
2008,Kingston upon Thames,110.6228655
2009,Kingston upon Thames,112.6553128
2010,Kingston upon Thames,124.6810256
2011,Kingston upon Thames,131.8561105
2012,Kingston upon Thames,108.3228438
2013,Kingston upon Thames,120.5740025
2014,Kingston upon Thames,122.0923921
2007,Kirklees,182.2717135
2008,Kirklees,181.0634186
2009,Kirklees,182.2787454
2010,Kirklees,158.7889148
2011,Kirklees,166.9782277
2012,Kirklees,143.695745
2013,Kirklees,134.4786092
2014,Kirklees,140.8742598
2007,Knowsley,223.1230545
2008,Knowsley,237.3236508
2009,Knowsley,201.7494115
2010,Knowsley,186.3212739
2011,Knowsley,198.7258215
2012,Knowsley,143.5390535
2013,Knowsley,188.2685542
2014,Knowsley,179.2865547
2007,Lambeth,224.6680462
2008,Lambeth,203.1980085
2009,Lambeth,183.5957666
2010,Lambeth,184.6800658
2011,Lambeth,151.6910996
2012,Lambeth,164.136398
2013,Lambeth,152.6374783
2014,Lambeth,137.8767195
2007,Lancashire,182.2982874
2008,Lancashire,165.3201418
2009,Lancashire,170.7315764
2010,Lancashire,158.7064946
2011,Lancashire,174.5585801
2012,Lancashire,149.3466012
2013,Lancashire,149.4384564
2014,Lancashire,147.6424651
2007,Lancaster,191.8875615
2008,Lancaster,215.512389
2009,Lancaster,213.1746092
2010,Lancaster,166.4003063
2011,Lancaster,196.1286888
2012,Lancaster,160.3714213
2013,Lancaster,130.000139
2014,Lancaster,158.5314048
2007,Leeds,187.1063809
2008,Leeds,176.2599098
2009,Leeds,170.48664
2010,Leeds,176.3940177
2011,Leeds,167.1116346
2012,Leeds,167.0259564
2013,Leeds,143.7809221
2014,Leeds,149.8713128
2007,Leicester,241.0093192
2008,Leicester,226.5025911
2009,Leicester,258.3699274
2010,Leicester,187.0081992
2011,Leicester,177.8458076
2012,Leicester,193.0671907
2013,Leicester,220.6455443
2014,Leicester,193.371829
2007,Leicestershire,140.289216
2008,Leicestershire,133.6907381
2009,Leicestershire,129.1031866
2010,Leicestershire,118.1251406
2011,Leicestershire,132.3560863
2012,Leicestershire,113.2211413
2013,Leicestershire,111.4367446
2014,Leicestershire,109.8341729
2007,Lewes,81.5740971
2008,Lewes,82.01463272
2009,Lewes,84.3588722
2010,Lewes,67.4262841
2011,Lewes,134.3886265
2012,Lewes,85.33591344
2013,Lewes,109.4338803
2014,Lewes,103.3501455
2007,Lewisham,231.0858308
2008,Lewisham,235.1528539
2009,Lewisham,179.53643
2010,Lewisham,160.3562387
2011,Lewisham,170.8002012
2012,Lewisham,146.2571183
2013,Lewisham,165.3382991
2014,Lewisham,153.0967222
2007,Lichfield,159.7816568
2008,Lichfield,174.590045
2009,Lichfield,137.9899933
2010,Lichfield,147.4969611
2011,Lichfield,130.1059329
2012,Lichfield,144.7064294
2013,Lichfield,120.2923991
2014,Lichfield,107.5066145
2007,Lincoln,207.4894922
2008,Lincoln,176.2582349
2009,Lincoln,162.2276043
2010,Lincoln,168.3559225
2011,Lincoln,196.4686421
2012,Lincoln,120.8997336
2013,Lincoln,169.5891368
2014,Lincoln,131.4159674
2007,Lincolnshire,153.8701127
2008,Lincolnshire,148.6580751
2009,Lincolnshire,139.3960155
2010,Lincolnshire,145.22933
2011,Lincolnshire,150.4430821
2012,Lincolnshire,136.8357261
2013,Lincolnshire,147.8832634
2014,Lincolnshire,126.7720122
2007,Liverpool,252.3153795
2008,Liverpool,232.1230517
2009,Liverpool,221.1631419
2010,Liverpool,225.9566902
2011,Liverpool,205.0951115
2012,Liverpool,189.7780946
2013,Liverpool,181.136804
2014,Liverpool,167.9660839
2007,LONDON,175.7423295
2008,LONDON,167.2853182
2009,LONDON,152.3585596
2010,LONDON,147.3062975
2011,LONDON,142.2688256
2012,LONDON,145.2727273
2013,LONDON,140.0633652
2014,LONDON,132.5306691
2007,Luton,175.7349709
2008,Luton,202.7360342
2009,Luton,202.3300932
2010,Luton,217.4627149
2011,Luton,180.1516194
2012,Luton,193.4329723
2013,Luton,194.6854783
2014,Luton,197.6049651
2007,Maidstone,139.0056353
2008,Maidstone,125.1879731
2009,Maidstone,104.3116916
2010,Maidstone,118.856139
2011,Maidstone,118.4752817
2012,Maidstone,95.84119509
2013,Maidstone,133.0013416
2014,Maidstone,103.3342678
2007,Maldon,133.4923204
2008,Maldon,107.6750539
2009,Maldon,128.5597916
2010,Maldon,123.1766453
2011,Maldon,67.77097961
2012,Maldon,86.40216448
2013,Maldon,129.0381865
2014,Maldon,59.61686096
2007,Malvern Hills,148.4710298
2008,Malvern Hills,98.51413734
2009,Malvern Hills,112.5955578
2010,Malvern Hills,115.2872838
2011,Malvern Hills,160.2555036
2012,Malvern Hills,109.6781886
2013,Malvern Hills,114.262909
2014,Malvern Hills,102.1359791
2007,Manchester,270.7108511
2008,Manchester,286.496128
2009,Manchester,266.7445722
2010,Manchester,283.3131061
2011,Manchester,245.6792302
2012,Manchester,229.4579653
2013,Manchester,216.6355661
2014,Manchester,235.721612
2007,Mansfield,176.7688277
2008,Mansfield,169.9042318
2009,Mansfield,189.5686857
2010,Mansfield,162.9952593
2011,Mansfield,168.0432869
2012,Mansfield,155.0584925
2013,Mansfield,157.4644094
2014,Mansfield,147.6152582
2007,Medway Towns,180.0402766
2008,Medway Towns,184.6700656
2009,Medway Towns,163.7484844
2010,Medway Towns,151.1026108
2011,Medway Towns,151.7760993
2012,Medway Towns,142.6296681
2013,Medway Towns,126.6109333
2014,Medway Towns,155.5479456
2007,Melton,115.2188557
2008,Melton,128.6861264
2009,Melton,113.7304015
2010,Melton,106.4071142
2011,Melton,166.5467011
2012,Melton,88.4168625
2013,Melton,93.14218813
2014,Melton,139.6258104
2007,Mendip,128.8074182
2008,Mendip,128.1052835
2009,Mendip,115.7356873
2010,Mendip,109.4814929
2011,Mendip,107.495888
2012,Mendip,91.12205171
2013,Mendip,115.2458877
2014,Mendip,108.189047
2007,Merseyside (Met County),216.0748843
2008,Merseyside (Met County),202.2215051
2009,Merseyside (Met County),188.8280842
2010,Merseyside (Met County),184.4302064
2011,Merseyside (Met County),166.7328655
2012,Merseyside (Met County),157.214601
2013,Merseyside (Met County),164.6224274
2014,Merseyside (Met County),161.7424681
2007,Merton,108.0261272
2008,Merton,134.9392288
2009,Merton,128.2308194
2010,Merton,129.6269256
2011,Merton,144.4938312
2012,Merton,131.0998031
2013,Merton,128.252663
2014,Merton,140.9142877
2007,Mid Devon,156.2355982
2008,Mid Devon,164.1515439
2009,Mid Devon,111.5401541
2010,Mid Devon,138.4984135
2011,Mid Devon,125.5169505
2012,Mid Devon,79.31459007
2013,Mid Devon,78.57870969
2014,Mid Devon,101.2807105
2007,Mid Suffolk,132.176033
2008,Mid Suffolk,140.2255149
2009,Mid Suffolk,120.2648194
2010,Mid Suffolk,105.0459856
2011,Mid Suffolk,100.3593881
2012,Mid Suffolk,79.9048975
2013,Mid Suffolk,117.9934856
2014,Mid Suffolk,77.01670364
2007,Mid Sussex,97.13024582
2008,Mid Sussex,104.9510629
2009,Mid Sussex,80.37172486
2010,Mid Sussex,83.79144349
2011,Mid Sussex,107.4767255
2012,Mid Sussex,86.76564037
2013,Mid Sussex,98.34551664
2014,Mid Sussex,74.82506034
2007,Middlesbrough,256.3265376
2008,Middlesbrough,196.3191914
2009,Middlesbrough,211.4193718
2010,Middlesbrough,153.8015701
2011,Middlesbrough,233.4511664
2012,Middlesbrough,195.8506491
2013,Middlesbrough,190.8159543
2014,Middlesbrough,198.5815853
2007,Milton Keynes,193.7622245
2008,Milton Keynes,188.9305212
2009,Milton Keynes,165.8736001
2010,Milton Keynes,159.6182008
2011,Milton Keynes,138.3718698
2012,Milton Keynes,136.1692546
2013,Milton Keynes,133.517632
2014,Milton Keynes,134.6145763
2007,Mole Valley,117.3543956
2008,Mole Valley,122.0246181
2009,Mole Valley,138.8453391
2010,Mole Valley,94.67545392
2011,Mole Valley,136.8617354
2012,Mole Valley,78.02685465
2013,Mole Valley,78.19906792
2014,Mole Valley,136.9669738
2007,New Forest,99.49290089
2008,New Forest,96.83197155
2009,New Forest,99.785519
2010,New Forest,98.43114354
2011,New Forest,104.8578984
2012,New Forest,95.27141706
2013,New Forest,108.2487219
2014,New Forest,81.03149159
2007,Newark and Sherwood,155.6520367
2008,Newark and Sherwood,134.6436217
2009,Newark and Sherwood,159.7044114
2010,Newark and Sherwood,166.1665322
2011,Newark and Sherwood,131.5550399
2012,Newark and Sherwood,125.4236077
2013,Newark and Sherwood,128.1528415
2014,Newark and Sherwood,119.1998353
2007,Newcastle upon Tyne,219.9292215
2008,Newcastle upon Tyne,199.5738816
2009,Newcastle upon Tyne,179.215852
2010,Newcastle upon Tyne,175.0193423
2011,Newcastle upon Tyne,175.7381159
2012,Newcastle upon Tyne,171.9402992
2013,Newcastle upon Tyne,140.8799501
2014,Newcastle upon Tyne,168.9819925
2007,Newcastle-under-Lyme,183.871216
2008,Newcastle-under-Lyme,177.0590672
2009,Newcastle-under-Lyme,152.5100777
2010,Newcastle-under-Lyme,146.4558336
2011,Newcastle-under-Lyme,128.186873
2012,Newcastle-under-Lyme,144.4519787
2013,Newcastle-under-Lyme,156.4178746
2014,Newcastle-under-Lyme,102.3820812
2007,Newham,229.9690089
2008,Newham,260.9960101
2009,Newham,238.6403208
2010,Newham,208.7991775
2011,Newham,167.2131968
2012,Newham,186.7137459
2013,Newham,160.6697591
2014,Newham,173.3822792
2007,Norfolk,133.4402599
2008,Norfolk,128.1831921
2009,Norfolk,127.7796135
2010,Norfolk,120.1057028
2011,Norfolk,127.6494035
2012,Norfolk,124.5567002
2013,Norfolk,111.3478197
2014,Norfolk,107.875623
2007,North Devon,186.678403
2008,North Devon,125.214993
2009,North Devon,128.6806602
2010,North Devon,121.8486052
2011,North Devon,127.8262817
2012,North Devon,113.5010653
2013,North Devon,123.8922352
2014,North Devon,126.4570804
2007,North Dorset,87.17791044
2008,North Dorset,132.5125425
2009,North Dorset,101.004675
2010,North Dorset,125.7602289
2011,North Dorset,138.5254726
2012,North Dorset,80.78458718
2013,North Dorset,78.09912843
2014,North Dorset,82.87876986
2007,NORTH EAST,192.6129792
2008,NORTH EAST,185.2604916
2009,NORTH EAST,167.9440197
2010,NORTH EAST,163.9603836
2011,NORTH EAST,165.842355
2012,NORTH EAST,159.4317536
2013,NORTH EAST,144.3328515
2014,NORTH EAST,153.0259197
2007,North East Derbyshire,154.9080146
2008,North East Derbyshire,144.1158606
2009,North East Derbyshire,134.0939221
2010,North East Derbyshire,135.920256
2011,North East Derbyshire,143.953178
2012,North East Derbyshire,152.8163968
2013,North East Derbyshire,118.4895469
2014,North East Derbyshire,119.9972338
2007,North East Lincolnshire,231.2796791
2008,North East Lincolnshire,177.5396029
2009,North East Lincolnshire,167.9760891
2010,North East Lincolnshire,171.0097029
2011,North East Lincolnshire,144.9408601
2012,North East Lincolnshire,223.1980617
2013,North East Lincolnshire,154.1902193
2014,North East Lincolnshire,141.7705588
2007,North Hertfordshire,125.0665562
2008,North Hertfordshire,120.1918284
2009,North Hertfordshire,114.9798503
2010,North Hertfordshire,129.4651458
2011,North Hertfordshire,110.7504189
2012,North Hertfordshire,111.5470787
2013,North Hertfordshire,105.1183491
2014,North Hertfordshire,102.5030175
2007,North Kesteven,125.106545
2008,North Kesteven,157.7297493
2009,North Kesteven,124.0161031
2010,North Kesteven,119.284908
2011,North Kesteven,122.2986817
2012,North Kesteven,109.6092824
2013,North Kesteven,110.8472062
2014,North Kesteven,113.2807199
2007,North Lincolnshire,156.0683957
2008,North Lincolnshire,185.9617729
2009,North Lincolnshire,177.5430192
2010,North Lincolnshire,145.5466212
2011,North Lincolnshire,165.9598535
2012,North Lincolnshire,152.4196133
2013,North Lincolnshire,136.9543161
2014,North Lincolnshire,153.2719863
2007,North Norfolk,142.6851127
2008,North Norfolk,142.4527716
2009,North Norfolk,118.3244322
2010,North Norfolk,105.7487632
2011,North Norfolk,121.6624758
2012,North Norfolk,125.3323712
2013,North Norfolk,113.1415224
2014,North Norfolk,108.1171517
2007,North Somerset,131.9628787
2008,North Somerset,128.7440728
2009,North Somerset,124.305593
2010,North Somerset,120.9249538
2011,North Somerset,139.0421081
2012,North Somerset,140.0525183
2013,North Somerset,121.533382
2014,North Somerset,103.2198913
2007,North Tyneside,200.3199999
2008,North Tyneside,209.977169
2009,North Tyneside,146.052856
2010,North Tyneside,174.8381082
2011,North Tyneside,175.1977277
2012,North Tyneside,140.1994294
2013,North Tyneside,146.7690933
2014,North Tyneside,158.0324839
2007,North Warwickshire,158.501192
2008,North Warwickshire,154.8035483
2009,North Warwickshire,179.5553335
2010,North Warwickshire,143.7006719
2011,North Warwickshire,155.0319456
2012,North Warwickshire,149.9799088
2013,North Warwickshire,127.8020037
2014,North Warwickshire,85.16639346
2007,NORTH WEST,200.5593254
2008,NORTH WEST,190.6577813
2009,NORTH WEST,180.3119129
2010,NORTH WEST,175.5070916
2011,NORTH WEST,168.1493023
2012,NORTH WEST,159.6716653
2013,NORTH WEST,156.8944038
2014,NORTH WEST,156.0285426
2007,North West Leicestershire,173.7261969
2008,North West Leicestershire,180.5264837
2009,North West Leicestershire,157.1580366
2010,North West Leicestershire,97.32161237
2011,North West Leicestershire,163.4670522
2012,North West Leicestershire,134.5546833
2013,North West Leicestershire,128.7111334
2014,North West Leicestershire,102.7295504
2007,North Yorkshire,158.49201
2008,North Yorkshire,144.9442368
2009,North Yorkshire,131.637856
2010,North Yorkshire,136.7412976
2011,North Yorkshire,135.005354
2012,North Yorkshire,122.6642054
2013,North Yorkshire,121.4433818
2014,North Yorkshire,115.1273262
2007,Northampton,169.49128
2008,Northampton,165.7201194
2009,Northampton,175.8440426
2010,Northampton,175.2063564
2011,Northampton,169.2836906
2012,Northampton,176.2598649
2013,Northampton,147.5365608
2014,Northampton,156.6352028
2007,Northamptonshire,148.1521698
2008,Northamptonshire,145.815699
2009,Northamptonshire,147.7780122
2010,Northamptonshire,150.2125097
2011,Northamptonshire,152.6490099
2012,Northamptonshire,136.4501029
2013,Northamptonshire,135.5634008
2014,Northamptonshire,124.6346588
2007,Northumberland,173.2734658
2008,Northumberland,170.9308951
2009,Northumberland,129.2527881
2010,Northumberland,147.5564986
2011,Northumberland,147.4393078
2012,Northumberland,146.0852192
2013,Northumberland,125.115351
2014,Northumberland,118.2161956
2007,Norwich,151.6498131
2008,Norwich,170.8950686
2009,Norwich,178.0698641
2010,Norwich,146.475032
2011,Norwich,145.7510177
2012,Norwich,150.7353038
2013,Norwich,110.6579362
2014,Norwich,125.1795834
2007,Nottingham,227.9812356
2008,Nottingham,225.6721354
2009,Nottingham,188.7559088
2010,Nottingham,226.4857937
2011,Nottingham,201.2913573
2012,Nottingham,199.0677382
2013,Nottingham,191.7777267
2014,Nottingham,176.3851258
2007,Nottinghamshire,152.107395
2008,Nottinghamshire,154.4283303
2009,Nottinghamshire,154.4483842
2010,Nottinghamshire,146.8397638
2011,Nottinghamshire,139.5555958
2012,Nottinghamshire,130.8269957
2013,Nottinghamshire,123.8236325
2014,Nottinghamshire,122.5218395
2007,Nuneaton and Bedworth,165.272643
2008,Nuneaton and Bedworth,160.5152943
2009,Nuneaton and Bedworth,176.2275315
2010,Nuneaton and Bedworth,140.310043
2011,Nuneaton and Bedworth,155.5209961
2012,Nuneaton and Bedworth,163.2590914
2013,Nuneaton and Bedworth,129.1979397
2014,Nuneaton and Bedworth,142.8738668
2007,Oadby and Wigston,88.73664696
2008,Oadby and Wigston,141.7236202
2009,Oadby and Wigston,112.2667618
2010,Oadby and Wigston,145.4809235
2011,Oadby and Wigston,140.2354943
2012,Oadby and Wigston,97.8057558
2013,Oadby and Wigston,135.149861
2014,Oadby and Wigston,111.1118544
2007,Oldham,230.0757982
2008,Oldham,237.7897983
2009,Oldham,206.7879266
2010,Oldham,201.9942924
2011,Oldham,199.0307697
2012,Oldham,162.9791355
2013,Oldham,163.1553444
2014,Oldham,174.3286701
2007,Outer London Authorities,163.8197033
2008,Outer London Authorities,154.3195812
2009,Outer London Authorities,141.9964523
2010,Outer London Authorities,139.4965941
2011,Outer London Authorities,133.1504402
2012,Outer London Authorities,136.1187752
2013,Outer London Authorities,132.5268388
2014,Outer London Authorities,129.334875
2007,Oxford,165.3156
2008,Oxford,116.2561313
2009,Oxford,146.0226262
2010,Oxford,130.4014433
2011,Oxford,175.7164614
2012,Oxford,108.4444343
2013,Oxford,160.6507571
2014,Oxford,130.6934541
2007,Oxfordshire,124.1921969
2008,Oxfordshire,116.779262
2009,Oxfordshire,110.1710117
2010,Oxfordshire,107.0151663
2011,Oxfordshire,117.6899292
2012,Oxfordshire,110.2789325
2013,Oxfordshire,108.1485109
2014,Oxfordshire,105.6662523
2007,Pendle,195.2908977
2008,Pendle,249.046024
2009,Pendle,143.4743447
2010,Pendle,175.906841
2011,Pendle,213.9286237
2012,Pendle,160.8966588
2013,Pendle,149.7876225
2014,Pendle,172.0568227
2007,Peterborough,221.9514762
2008,Peterborough,174.9637431
2009,Peterborough,160.8638535
2010,Peterborough,179.1579023
2011,Peterborough,175.3211142
2012,Peterborough,169.9205856
2013,Peterborough,167.1349876
2014,Peterborough,142.2979722
2007,Plymouth,162.9227241
2008,Plymouth,191.103261
2009,Plymouth,157.0522556
2010,Plymouth,139.9570712
2011,Plymouth,145.4090337
2012,Plymouth,143.285138
2013,Plymouth,160.8314653
2014,Plymouth,138.4498241
2007,Poole,138.8665441
2008,Poole,117.9144681
2009,Poole,119.6483705
2010,Poole,102.9138806
2011,Poole,122.8459455
2012,Poole,112.1268152
2013,Poole,101.3912491
2014,Poole,124.1269313
2007,Portsmouth,217.5453682
2008,Portsmouth,183.4359372
2009,Portsmouth,174.9665113
2010,Portsmouth,154.2327274
2011,Portsmouth,163.3340558
2012,Portsmouth,149.1833319
2013,Portsmouth,186.5418994
2014,Portsmouth,161.6576976
2007,Preston,215.0513266
2008,Preston,168.3883015
2009,Preston,209.9243297
2010,Preston,206.7500445
2011,Preston,173.2959737
2012,Preston,199.2951367
2013,Preston,181.2630016
2014,Preston,170.0553396
2007,Purbeck,114.7732078
2008,Purbeck,127.2538737
2009,Purbeck,93.92537934
2010,Purbeck,139.749266
2011,Purbeck,120.4172334
2012,Purbeck,88.52971757
2013,Purbeck,96.86007113
2014,Purbeck,87.5913842
2007,Reading,199.3343496
2008,Reading,180.6684891
2009,Reading,191.0102285
2010,Reading,129.3391943
2011,Reading,157.6553466
2012,Reading,170.3525543
2013,Reading,163.3628911
2014,Reading,153.3064121
2007,Redbridge,155.5886496
2008,Redbridge,151.5306115
2009,Redbridge,150.4419129
2010,Redbridge,146.4285654
2011,Redbridge,129.0394157
2012,Redbridge,135.1553007
2013,Redbridge,131.1398911
2014,Redbridge,131.7885003
2007,Redcar and Cleveland,192.1538836
2008,Redcar and Cleveland,188.4366496
2009,Redcar and Cleveland,142.2631133
2010,Redcar and Cleveland,130.2972838
2011,Redcar and Cleveland,152.2493244
2012,Redcar and Cleveland,141.6770081
2013,Redcar and Cleveland,138.0798717
2014,Redcar and Cleveland,156.6158656
2007,Redditch,194.4886875
2008,Redditch,193.3191193
2009,Redditch,170.301126
2010,Redditch,151.540024
2011,Redditch,147.2179619
2012,Redditch,124.3998938
2013,Redditch,158.5208157
2014,Redditch,142.1056383
2007,Reigate and Banstead,123.2760947
2008,Reigate and Banstead,100.7937323
2009,Reigate and Banstead,106.3851213
2010,Reigate and Banstead,130.0103595
2011,Reigate and Banstead,116.1522586
2012,Reigate and Banstead,82.7708623
2013,Reigate and Banstead,101.7452547
2014,Reigate and Banstead,132.1496074
2007,Ribble Valley,111.2655068
2008,Ribble Valley,127.8115448
2009,Ribble Valley,151.8456711
2010,Ribble Valley,156.9032853
2011,Ribble Valley,173.5526441
2012,Ribble Valley,107.967859
2013,Ribble Valley,115.6215088
2014,Ribble Valley,127.7858709
2007,Richmond upon Thames,133.5570882
2008,Richmond upon Thames,112.4542975
2009,Richmond upon Thames,126.5891136
2010,Richmond upon Thames,112.3467476
2011,Richmond upon Thames,97.87001902
2012,Richmond upon Thames,109.8253762
2013,Richmond upon Thames,97.54240279
2014,Richmond upon Thames,100.967334
2007,Richmondshire,119.1794423
2008,Richmondshire,221.4744738
2009,Richmondshire,138.8247012
2010,Richmondshire,121.3753513
2011,Richmondshire,144.4199007
2012,Richmondshire,78.51848432
2013,Richmondshire,71.17912691
2014,Richmondshire,119.7355694
2007,Rochdale,260.6565631
2008,Rochdale,198.8258064
2009,Rochdale,200.7661213
2010,Rochdale,185.7905692
2011,Rochdale,205.5123336
2012,Rochdale,159.6924564
2013,Rochdale,186.3805568
2014,Rochdale,170.6998095
2007,Rochford,91.69028266
2008,Rochford,87.9412334
2009,Rochford,93.36084822
2010,Rochford,110.9370242
2011,Rochford,114.087368
2012,Rochford,92.30174866
2013,Rochford,102.7142097
2014,Rochford,99.44221568
2007,Rossendale,236.8417761
2008,Rossendale,119.1192043
2009,Rossendale,232.3316347
2010,Rossendale,169.454116
2011,Rossendale,179.579613
2012,Rossendale,181.6907702
2013,Rossendale,192.7719344
2014,Rossendale,184.8375894
2007,Rother,103.675429
2008,Rother,133.0592369
2009,Rother,149.1502943
2010,Rother,177.6142788
2011,Rother,129.9404594
2012,Rother,126.5040381
2013,Rother,133.4293232
2014,Rother,128.4977904
2007,Rotherham,188.1099378
2008,Rotherham,194.4923099
2009,Rotherham,182.598416
2010,Rotherham,162.2715302
2011,Rotherham,173.63977
2012,Rotherham,157.9983548
2013,Rotherham,144.4245408
2014,Rotherham,165.2371734
2007,Rugby,138.9061399
2008,Rugby,120.5375537
2009,Rugby,161.059591
2010,Rugby,122.877892
2011,Rugby,120.119794
2012,Rugby,108.1474059
2013,Rugby,118.7532527
2014,Rugby,104.2020494
2007,Runnymede,159.411041
2008,Runnymede,127.0316259
2009,Runnymede,108.1167081
2010,Runnymede,117.3184384
2011,Runnymede,106.8533786
2012,Runnymede,110.1374799
2013,Runnymede,105.6123152
2014,Runnymede,114.4869259
2007,Rushcliffe,112.4341159
2008,Rushcliffe,108.2295222
2009,Rushcliffe,123.4627436
2010,Rushcliffe,126.5243422
2011,Rushcliffe,81.98001572
2012,Rushcliffe,118.85066
2013,Rushcliffe,95.15923948
2014,Rushcliffe,91.07194168
2007,Rushmoor,108.0803044
2008,Rushmoor,133.6192518
2009,Rushmoor,138.5557062
2010,Rushmoor,137.7258646
2011,Rushmoor,98.0378552
2012,Rushmoor,119.5042905
2013,Rushmoor,133.5930386
2014,Rushmoor,117.7288862
2007,Rutland,75.17618019
2008,Rutland,104.6291797
2009,Rutland,113.7660379
2010,Rutland,122.2088146
2011,Rutland,122.4462027
2012,Rutland,158.3252376
2013,Rutland,65.69498162
2014,Rutland,93.57725292
2007,Ryedale,160.1460099
2008,Ryedale,121.899681
2009,Ryedale,130.5496671
2010,Ryedale,165.2752989
2011,Ryedale,129.7036128
2012,Ryedale,166.3527205
2013,Ryedale,131.6322789
2014,Ryedale,84.25230852
2007,Salford,224.0356717
2008,Salford,256.8099369
2009,Salford,253.183016
2010,Salford,230.9513664
2011,Salford,177.8930977
2012,Salford,215.5105544
2013,Salford,210.6215399
2014,Salford,185.5734019
2007,Sandwell,290.7529413
2008,Sandwell,219.200562
2009,Sandwell,201.4974693
2010,Sandwell,222.995785
2011,Sandwell,199.4597125
2012,Sandwell,178.3739343
2013,Sandwell,192.1166644
2014,Sandwell,171.6698821
2007,Scarborough,175.2427587
2008,Scarborough,184.1255018
2009,Scarborough,160.1284693
2010,Scarborough,154.2478924
2011,Scarborough,174.3941207
2012,Scarborough,156.3920235
2013,Scarborough,192.985266
2014,Scarborough,148.9956013
2007,Sedgemoor,107.7798148
2008,Sedgemoor,167.8071951
2009,Sedgemoor,137.5421697
2010,Sedgemoor,116.1732989
2011,Sedgemoor,127.4441274
2012,Sedgemoor,120.2964932
2013,Sedgemoor,103.7904972
2014,Sedgemoor,112.1609229
2007,Sefton,188.0183177
2008,Sefton,178.8716177
2009,Sefton,145.8422791
2010,Sefton,167.4250211
2011,Sefton,158.8297352
2012,Sefton,137.8717487
2013,Sefton,135.180247
2014,Sefton,164.7441813
2007,Selby,179.3144305
2008,Selby,143.5716841
2009,Selby,107.5892828
2010,Selby,103.3855452
2011,Selby,134.1738506
2012,Selby,121.9304611
2013,Selby,132.9077522
2014,Selby,127.2890419
2007,Sevenoaks,107.2607699
2008,Sevenoaks,65.01173398
2009,Sevenoaks,107.7496896
2010,Sevenoaks,99.08294347
2011,Sevenoaks,102.6914131
2012,Sevenoaks,117.2167946
2013,Sevenoaks,78.87271671
2014,Sevenoaks,99.43210868
2007,Sheffield,172.7726633
2008,Sheffield,180.7125064
2009,Sheffield,165.3436247
2010,Sheffield,144.0345442
2011,Sheffield,154.8280349
2012,Sheffield,147.6541828
2013,Sheffield,157.5379495
2014,Sheffield,133.4855648
2007,Shepway,164.755207
2008,Shepway,159.0607854
2009,Shepway,139.1478178
2010,Shepway,131.9585785
2011,Shepway,143.7792116
2012,Shepway,134.2784974
2013,Shepway,108.4077602
2014,Shepway,122.8656765
2007,Shropshire,141.7041473
2008,Shropshire,141.5888028
2009,Shropshire,131.7566136
2010,Shropshire,125.2202992
2011,Shropshire,132.4845307
2012,Shropshire,115.4149654
2013,Shropshire,124.1664823
2014,Shropshire,104.8402085
2007,Slough,207.5453014
2008,Slough,192.7656349
2009,Slough,181.1188539
2010,Slough,179.170637
2011,Slough,157.2130432
2012,Slough,161.5198089
2013,Slough,195.8974987
2014,Slough,158.7214799
2007,Solihull,140.8935452
2008,Solihull,164.8155624
2009,Solihull,125.1084161
2010,Solihull,116.5877277
2011,Solihull,114.6691997
2012,Solihull,119.2899334
2013,Solihull,132.0865581
2014,Solihull,118.3964407
2007,Somerset,120.3207354
2008,Somerset,136.7780038
2009,Somerset,117.9941013
2010,Somerset,123.7264284
2011,Somerset,117.3876066
2012,Somerset,95.63637117
2013,Somerset,108.4659151
2014,Somerset,109.7710794
2007,South Bucks,114.0953584
2008,South Bucks,106.6985872
2009,South Bucks,81.3755638
2010,South Bucks,95.49053241
2011,South Bucks,108.6485743
2012,South Bucks,84.73599984
2013,South Bucks,139.1284072
2014,South Bucks,93.68472527
2007,South Cambridgeshire,92.89853247
2008,South Cambridgeshire,105.0141187
2009,South Cambridgeshire,101.7116355
2010,South Cambridgeshire,89.37416451
2011,South Cambridgeshire,99.98918863
2012,South Cambridgeshire,72.38226556
2013,South Cambridgeshire,90.52904469
2014,South Cambridgeshire,88.75106989
2007,South Derbyshire,170.3514098
2008,South Derbyshire,162.1286781
2009,South Derbyshire,127.0982911
2010,South Derbyshire,170.9125408
2011,South Derbyshire,121.7618979
2012,South Derbyshire,86.15759986
2013,South Derbyshire,125.116758
2014,South Derbyshire,135.2682801
2007,SOUTH EAST,137.8174757
2008,SOUTH EAST,132.2405959
2009,SOUTH EAST,125.3360978
2010,SOUTH EAST,121.9523695
2011,SOUTH EAST,124.7580767
2012,SOUTH EAST,116.6911658
2013,SOUTH EAST,116.6562143
2014,SOUTH EAST,113.4243917
2007,South Gloucestershire,130.9487325
2008,South Gloucestershire,112.0620493
2009,South Gloucestershire,115.226422
2010,South Gloucestershire,104.0546419
2011,South Gloucestershire,118.7667877
2012,South Gloucestershire,92.27472696
2013,South Gloucestershire,119.2756983
2014,South Gloucestershire,100.2777358
2007,South Hams,131.2723519
2008,South Hams,125.6698934
2009,South Hams,86.76531958
2010,South Hams,115.2265
2011,South Hams,112.3033815
2012,South Hams,105.1027174
2013,South Hams,96.73169432
2014,South Hams,94.21069649
2007,South Holland,167.032897
2008,South Holland,141.1565497
2009,South Holland,132.3558366
2010,South Holland,156.687881
2011,South Holland,169.1590837
2012,South Holland,119.3610764
2013,South Holland,155.8604023
2014,South Holland,112.6672517
2007,South Kesteven,146.2219121
2008,South Kesteven,129.8619571
2009,South Kesteven,117.5119074
2010,South Kesteven,122.1717133
2011,South Kesteven,114.2011647
2012,South Kesteven,123.003725
2013,South Kesteven,127.4265132
2014,South Kesteven,106.6515181
2007,South Lakeland,112.7245508
2008,South Lakeland,128.2094566
2009,South Lakeland,130.5258061
2010,South Lakeland,106.705555
2011,South Lakeland,115.0856809
2012,South Lakeland,81.01599796
2013,South Lakeland,106.8532572
2014,South Lakeland,91.55841205
2007,South Norfolk,96.66479167
2008,South Norfolk,115.1111373
2009,South Norfolk,100.5318267
2010,South Norfolk,95.49076904
2011,South Norfolk,94.71190789
2012,South Norfolk,95.19332627
2013,South Norfolk,87.40320407
2014,South Norfolk,89.93875598
2007,South Northamptonshire,112.3837102
2008,South Northamptonshire,146.4369507
2009,South Northamptonshire,76.25634619
2010,South Northamptonshire,116.1254546
2011,South Northamptonshire,116.4481211
2012,South Northamptonshire,80.51140142
2013,South Northamptonshire,114.5137229
2014,South Northamptonshire,67.7046421
2007,South Oxfordshire,125.3379762
2008,South Oxfordshire,112.0159772
2009,South Oxfordshire,92.34452667
2010,South Oxfordshire,108.5002556
2011,South Oxfordshire,125.640898
2012,South Oxfordshire,101.7291579
2013,South Oxfordshire,79.2506935
2014,South Oxfordshire,98.77252089
2007,South Ribble,176.0300536
2008,South Ribble,118.282596
2009,South Ribble,151.2218718
2010,South Ribble,119.3730079
2011,South Ribble,145.6405622
2012,South Ribble,96.20273481
2013,South Ribble,108.454981
2014,South Ribble,94.40801781
2007,South Somerset,98.97830907
2008,South Somerset,129.5547386
2009,South Somerset,116.3247454
2010,South Somerset,122.7499877
2011,South Somerset,107.2266463
2012,South Somerset,89.66487989
2013,South Somerset,104.6962699
2014,South Somerset,105.506191
2007,South Staffordshire,104.1882916
2008,South Staffordshire,138.4875269
2009,South Staffordshire,124.2749
2010,South Staffordshire,118.5198209
2011,South Staffordshire,91.37795009
2012,South Staffordshire,114.7889776
2013,South Staffordshire,97.18410572
2014,South Staffordshire,100.2826359
2007,South Tyneside,209.8410282
2008,South Tyneside,179.1331936
2009,South Tyneside,196.7450763
2010,South Tyneside,155.2284759
2011,South Tyneside,173.8806044
2012,South Tyneside,193.8954678
2013,South Tyneside,151.4535579
2014,South Tyneside,149.3468423
2007,SOUTH WEST,141.1701019
2008,SOUTH WEST,136.7695002
2009,SOUTH WEST,124.9657611
2010,SOUTH WEST,122.7521351
2011,SOUTH WEST,127.1253121
2012,SOUTH WEST,114.9491097
2013,SOUTH WEST,122.1386082
2014,SOUTH WEST,114.8780858
2007,South Yorkshire (Met County),183.0049992
2008,South Yorkshire (Met County),185.3097241
2009,South Yorkshire (Met County),172.5408932
2010,South Yorkshire (Met County),164.8208218
2011,South Yorkshire (Met County),162.0961804
2012,South Yorkshire (Met County),154.6922905
2013,South Yorkshire (Met County),151.1479598
2014,South Yorkshire (Met County),152.29485
2007,Southampton,173.6940818
2008,Southampton,183.7259672
2009,Southampton,147.3964408
2010,Southampton,149.9047948
2011,Southampton,179.6107011
2012,Southampton,165.5486911
2013,Southampton,156.0279662
2014,Southampton,175.0018073
2007,Southend-on-Sea,167.0975277
2008,Southend-on-Sea,117.8979911
2009,Southend-on-Sea,172.895386
2010,Southend-on-Sea,140.7360842
2011,Southend-on-Sea,129.4828396
2012,Southend-on-Sea,147.9546895
2013,Southend-on-Sea,136.2258615
2014,Southend-on-Sea,129.3952425
2007,Southwark,198.3207149
2008,Southwark,208.6277019
2009,Southwark,156.1664403
2010,Southwark,187.0485741
2011,Southwark,182.5829386
2012,Southwark,168.4482491
2013,Southwark,163.9799187
2014,Southwark,149.1792195
2007,Spelthorne,158.9969018
2008,Spelthorne,128.294461
2009,Spelthorne,121.0676217
2010,Spelthorne,135.3351037
2011,Spelthorne,149.9740002
2012,Spelthorne,154.1383612
2013,Spelthorne,103.4957306
2014,Spelthorne,88.24684106
2007,St Albans,138.5799828
2008,St Albans,124.6645787
2009,St Albans,112.9580225
2010,St Albans,102.4434365
2011,St Albans,107.5710251
2012,St Albans,78.33691094
2013,St Albans,122.4436347
2014,St Albans,101.3005797
2007,St Edmundsbury,120.0814349
2008,St Edmundsbury,127.7172191
2009,St Edmundsbury,94.87903305
2010,St Edmundsbury,115.9769147
2011,St Edmundsbury,82.98565544
2012,St Edmundsbury,86.0932128
2013,St Edmundsbury,107.4684663
2014,St Edmundsbury,86.5260275
2007,St Helens,206.3154111
2008,St Helens,212.2368323
2009,St Helens,196.2512133
2010,St Helens,166.6191279
2011,St Helens,142.9116782
2012,St Helens,154.6297079
2013,St Helens,181.9412319
2014,St Helens,171.3566516
2007,Stafford,137.7417916
2008,Stafford,153.54954
2009,Stafford,128.4090697
2010,Stafford,118.9790223
2011,Stafford,100.6853253
2012,Stafford,109.7554275
2013,Stafford,126.9685407
2014,Stafford,123.3210906
2007,Staffordshire,154.0170848
2008,Staffordshire,160.8048869
2009,Staffordshire,144.3170049
2010,Staffordshire,140.47304
2011,Staffordshire,120.4605844
2012,Staffordshire,132.2549832
2013,Staffordshire,130.4465537
2014,Staffordshire,115.0988413
2007,Staffordshire Moorlands,140.5735014
2008,Staffordshire Moorlands,136.5343754
2009,Staffordshire Moorlands,131.6073194
2010,Staffordshire Moorlands,146.1814504
2011,Staffordshire Moorlands,140.2408603
2012,Staffordshire Moorlands,119.5459136
2013,Staffordshire Moorlands,124.6212913
2014,Staffordshire Moorlands,105.077741
2007,Stevenage,205.0197692
2008,Stevenage,190.1266082
2009,Stevenage,147.2170481
2010,Stevenage,99.61576724
2011,Stevenage,159.2810303
2012,Stevenage,148.7190593
2013,Stevenage,149.6344365
2014,Stevenage,168.6426146
2007,Stockport,180.0305476
2008,Stockport,161.3648775
2009,Stockport,169.7192399
2010,Stockport,135.8192115
2011,Stockport,131.2588302
2012,Stockport,135.5708496
2013,Stockport,129.5475678
2014,Stockport,128.7514954
2007,Stockton-on-Tees,222.6411304
2008,Stockton-on-Tees,192.0750629
2009,Stockton-on-Tees,170.4896257
2010,Stockton-on-Tees,160.0335359
2011,Stockton-on-Tees,155.2128223
2012,Stockton-on-Tees,146.8572403
2013,Stockton-on-Tees,141.3440174
2014,Stockton-on-Tees,147.9156926
2007,Stoke-on-Trent,235.8912978
2008,Stoke-on-Trent,165.7499561
2009,Stoke-on-Trent,169.1413986
2010,Stoke-on-Trent,170.4300324
2011,Stoke-on-Trent,170.3340585
2012,Stoke-on-Trent,164.5585088
2013,Stoke-on-Trent,156.4106644
2014,Stoke-on-Trent,171.5801994
2007,Stratford-on-Avon,144.7767596
2008,Stratford-on-Avon,111.8952364
2009,Stratford-on-Avon,85.5152594
2010,Stratford-on-Avon,80.57332852
2011,Stratford-on-Avon,94.88308631
2012,Stratford-on-Avon,93.85358272
2013,Stratford-on-Avon,116.1551724
2014,Stratford-on-Avon,108.768907
2007,Stroud,153.6094933
2008,Stroud,114.4172732
2009,Stroud,130.7202689
2010,Stroud,105.4586071
2011,Stroud,122.7084603
2012,Stroud,100.2326878
2013,Stroud,113.9282042
2014,Stroud,110.2997352
2007,Suffolk,132.9238975
2008,Suffolk,131.4932056
2009,Suffolk,122.6854571
2010,Suffolk,120.5372263
2011,Suffolk,107.2786911
2012,Suffolk,111.1359713
2013,Suffolk,112.7997308
2014,Suffolk,104.6807831
2007,Suffolk Coastal,116.1456148
2008,Suffolk Coastal,135.8764528
2009,Suffolk Coastal,103.0505196
2010,Suffolk Coastal,99.34247903
2011,Suffolk Coastal,111.5462187
2012,Suffolk Coastal,117.1036513
2013,Suffolk Coastal,107.039196
2014,Suffolk Coastal,101.6415944
2007,Sunderland,188.8787526
2008,Sunderland,182.5666304
2009,Sunderland,177.8039915
2010,Sunderland,186.324236
2011,Sunderland,176.3518291
2012,Sunderland,165.1343561
2013,Sunderland,153.6895188
2014,Sunderland,175.0735228
2007,Surrey,124.2003568
2008,Surrey,120.2845886
2009,Surrey,104.6582554
2010,Surrey,111.0587958
2011,Surrey,111.6339065
2012,Surrey,100.0348051
2013,Surrey,99.64822414
2014,Surrey,107.4010123
2007,Surrey Heath,158.614837
2008,Surrey Heath,140.7769845
2009,Surrey Heath,96.78313658
2010,Surrey Heath,107.9172628
2011,Surrey Heath,104.7353448
2012,Surrey Heath,103.9317436
2013,Surrey Heath,101.3986767
2014,Surrey Heath,109.8754234
2007,Sutton,145.2083054
2008,Sutton,113.9919381
2009,Sutton,106.2595048
2010,Sutton,119.2295641
2011,Sutton,124.5951095
2012,Sutton,97.95878987
2013,Sutton,106.6744099
2014,Sutton,117.442235
2007,Swale,208.4809652
2008,Swale,185.3980592
2009,Swale,154.2847532
2010,Swale,161.8263416
2011,Swale,118.2585654
2012,Swale,131.5224729
2013,Swale,137.0625997
2014,Swale,135.2384036
2007,Swindon,146.2186628
2008,Swindon,161.6999824
2009,Swindon,127.3245517
2010,Swindon,134.788404
2011,Swindon,119.5755495
2012,Swindon,135.2755145
2013,Swindon,128.0311611
2014,Swindon,144.7236975
2007,Tameside,256.358065
2008,Tameside,242.5378038
2009,Tameside,216.7808836
2010,Tameside,200.3782045
2011,Tameside,198.8442426
2012,Tameside,196.3930521
2013,Tameside,206.1046055
2014,Tameside,189.1939252
2007,Tamworth,160.2310525
2008,Tamworth,182.8068108
2009,Tamworth,174.9257802
2010,Tamworth,129.4321534
2011,Tamworth,111.1165738
2012,Tamworth,124.0347617
2013,Tamworth,126.6682959
2014,Tamworth,149.3057588
2007,Tandridge,136.8308421
2008,Tandridge,119.1637527
2009,Tandridge,98.21050323
2010,Tandridge,84.61472052
2011,Tandridge,129.0611009
2012,Tandridge,134.3147702
2013,Tandridge,103.9438576
2014,Tandridge,93.6741371
2007,Taunton Deane,150.529572
2008,Taunton Deane,123.566013
2009,Taunton Deane,110.6567243
2010,Taunton Deane,152.6503286
2011,Taunton Deane,132.0605139
2012,Taunton Deane,86.75630205
2013,Taunton Deane,113.2025
2014,Taunton Deane,120.4595955
2007,Teignbridge,148.474282
2008,Teignbridge,133.275281
2009,Teignbridge,126.3701908
2010,Teignbridge,117.4935725
2011,Teignbridge,121.0645468
2012,Teignbridge,101.4335958
2013,Teignbridge,119.0779738
2014,Teignbridge,97.35366702
2007,Telford and Wrekin,226.3754265
2008,Telford and Wrekin,187.446175
2009,Telford and Wrekin,154.0919016
2010,Telford and Wrekin,180.7484357
2011,Telford and Wrekin,177.1183066
2012,Telford and Wrekin,155.6557388
2013,Telford and Wrekin,152.0036932
2014,Telford and Wrekin,154.9759658
2007,Tendring,158.0186086
2008,Tendring,187.0894305
2009,Tendring,133.8956765
2010,Tendring,164.3235315
2011,Tendring,135.1383273
2012,Tendring,164.4571112
2013,Tendring,139.1369347
2014,Tendring,110.7624605
2007,Test Valley,139.4689925
2008,Test Valley,103.0925354
2009,Test Valley,83.65314338
2010,Test Valley,87.49285759
2011,Test Valley,119.3007279
2012,Test Valley,116.0894267
2013,Test Valley,84.84622758
2014,Test Valley,83.46321623
2007,Tewkesbury,96.74308074
2008,Tewkesbury,140.8532741
2009,Tewkesbury,121.3962359
2010,Tewkesbury,134.6927439
2011,Tewkesbury,116.4909675
2012,Tewkesbury,125.6806831
2013,Tewkesbury,140.1009006
2014,Tewkesbury,104.0170439
2007,Thanet,162.0428546
2008,Thanet,129.0431998
2009,Thanet,218.4348411
2010,Thanet,171.3627413
2011,Thanet,191.2685995
2012,Thanet,154.0151552
2013,Thanet,161.6679228
2014,Thanet,160.2209203
2007,Three Rivers,89.11931699
2008,Three Rivers,136.9222367
2009,Three Rivers,107.9166911
2010,Three Rivers,114.895291
2011,Three Rivers,94.31871811
2012,Three Rivers,100.9730145
2013,Three Rivers,112.4106067
2014,Three Rivers,121.2669529
2007,Thurrock,141.1209562
2008,Thurrock,151.402035
2009,Thurrock,147.1504929
2010,Thurrock,158.0335021
2011,Thurrock,169.792946
2012,Thurrock,146.073558
2013,Thurrock,171.0645052
2014,Thurrock,130.5005782
2007,Tonbridge and Malling,136.4745393
2008,Tonbridge and Malling,130.1314956
2009,Tonbridge and Malling,122.7477714
2010,Tonbridge and Malling,135.7133336
2011,Tonbridge and Malling,105.5329716
2012,Tonbridge and Malling,123.4672222
2013,Tonbridge and Malling,136.0745586
2014,Tonbridge and Malling,74.45084921
2007,Torbay,147.1475921
2008,Torbay,139.3523471
2009,Torbay,160.0876775
2010,Torbay,141.7720033
2011,Torbay,141.7581718
2012,Torbay,136.1045845
2013,Torbay,176.9246212
2014,Torbay,135.07983
2007,Torridge,164.4391588
2008,Torridge,113.8113389
2009,Torridge,97.114194
2010,Torridge,120.7196643
2011,Torridge,99.60282281
2012,Torridge,126.2247617
2013,Torridge,114.7069926
2014,Torridge,121.3669848
2007,Tower Hamlets,257.5585213
2008,Tower Hamlets,310.6829846
2009,Tower Hamlets,238.9569114
2010,Tower Hamlets,185.921692
2011,Tower Hamlets,225.2594901
2012,Tower Hamlets,226.1194598
2013,Tower Hamlets,174.1846899
2014,Tower Hamlets,161.0575367
2007,Trafford,199.4315229
2008,Trafford,162.6225377
2009,Trafford,143.4642988
2010,Trafford,156.5039022
2011,Trafford,116.5255927
2012,Trafford,155.5106167
2013,Trafford,147.687586
2014,Trafford,120.6411157
2007,Tunbridge Wells,115.0857045
2008,Tunbridge Wells,119.6106569
2009,Tunbridge Wells,102.0543918
2010,Tunbridge Wells,120.5018279
2011,Tunbridge Wells,128.7219526
2012,Tunbridge Wells,126.1107862
2013,Tunbridge Wells,92.73132443
2014,Tunbridge Wells,88.80417334
2007,Tyne and Wear (Met County),201.3741423
2008,Tyne and Wear (Met County),186.5297893
2009,Tyne and Wear (Met County),176.2322514
2010,Tyne and Wear (Met County),173.972826
2011,Tyne and Wear (Met County),174.8176887
2012,Tyne and Wear (Met County),167.8521839
2013,Tyne and Wear (Met County),150.4377549
2014,Tyne and Wear (Met County),168.0417259
2007,Uttlesford,127.0475346
2008,Uttlesford,97.9049175
2009,Uttlesford,102.64166
2010,Uttlesford,102.3839307
2011,Uttlesford,100.576711
2012,Uttlesford,74.01915048
2013,Uttlesford,82.74483963
2014,Uttlesford,73.86073414
2007,Vale of White Horse,96.02170882
2008,Vale of White Horse,133.9438909
2009,Vale of White Horse,96.32314638
2010,Vale of White Horse,104.5273323
2011,Vale of White Horse,108.4607008
2012,Vale of White Horse,107.0064753
2013,Vale of White Horse,96.14146753
2014,Vale of White Horse,88.9020091
2007,Wakefield,167.4024728
2008,Wakefield,211.6989909
2009,Wakefield,164.2764087
2010,Wakefield,161.8309739
2011,Wakefield,167.8279129
2012,Wakefield,155.8183041
2013,Wakefield,146.1003427
2014,Wakefield,178.050523
2007,Walsall,208.1088319
2008,Walsall,237.2917116
2009,Walsall,178.2863904
2010,Walsall,179.342429
2011,Walsall,174.618815
2012,Walsall,166.9645731
2013,Walsall,169.8189433
2014,Walsall,175.5042884
2007,Waltham Forest,185.920101
2008,Waltham Forest,206.0069236
2009,Waltham Forest,169.2426656
2010,Waltham Forest,166.2499808
2011,Waltham Forest,129.5802689
2012,Waltham Forest,150.2858357
2013,Waltham Forest,156.1241472
2014,Waltham Forest,145.3265379
2007,Wandsworth,169.6432643
2008,Wandsworth,123.9861918
2009,Wandsworth,161.320936
2010,Wandsworth,110.408361
2011,Wandsworth,134.2647287
2012,Wandsworth,152.8806358
2013,Wandsworth,159.9716694
2014,Wandsworth,148.5674866
2007,Warrington,212.4532589
2008,Warrington,168.5287739
2009,Warrington,163.6004145
2010,Warrington,161.2707568
2011,Warrington,177.5870523
2012,Warrington,152.3253597
2013,Warrington,128.2249023
2014,Warrington,141.7563733
2007,Warwick,145.4548583
2008,Warwick,129.8145328
2009,Warwick,139.577632
2010,Warwick,124.3221521
2011,Warwick,138.6499698
2012,Warwick,91.68279578
2013,Warwick,120.4253034
2014,Warwick,98.07873122
2007,Warwickshire,150.2999804
2008,Warwickshire,133.0243651
2009,Warwickshire,142.0350442
2010,Warwickshire,118.5195646
2011,Warwickshire,130.1314336
2012,Warwickshire,117.8236103
2013,Warwickshire,121.2701958
2014,Warwickshire,110.5681821
2007,Watford,193.2062019
2008,Watford,135.4060284
2009,Watford,148.2679377
2010,Watford,50.56404661
2011,Watford,181.3552846
2012,Watford,130.485211
2013,Watford,144.4908991
2014,Watford,154.4311406
2007,Waveney,147.1803492
2008,Waveney,115.8335097
2009,Waveney,132.2242381
2010,Waveney,128.275874
2011,Waveney,120.4045362
2012,Waveney,131.392536
2013,Waveney,110.7477076
2014,Waveney,120.0267813
2007,Waverley,85.47610291
2008,Waverley,95.91442526
2009,Waverley,99.00628115
2010,Waverley,100.8129127
2011,Waverley,91.29868223
2012,Waverley,75.51886326
2013,Waverley,80.09712346
2014,Waverley,94.29786474
2007,Wealden,116.4707279
2008,Wealden,135.0235684
2009,Wealden,92.36960528
2010,Wealden,81.35987987
2011,Wealden,116.2194206
2012,Wealden,102.0783165
2013,Wealden,101.0531595
2014,Wealden,64.38595997
2007,Wellingborough,143.013985
2008,Wellingborough,174.0587258
2009,Wellingborough,153.3826768
2010,Wellingborough,141.4245026
2011,Wellingborough,171.6949452
2012,Wellingborough,121.2709325
2013,Wellingborough,99.08147476
2014,Wellingborough,114.4308531
2007,Welwyn Hatfield,170.2582508
2008,Welwyn Hatfield,122.7863853
2009,Welwyn Hatfield,164.9688852
2010,Welwyn Hatfield,107.7756105
2011,Welwyn Hatfield,96.87953515
2012,Welwyn Hatfield,95.83631806
2013,Welwyn Hatfield,111.0880539
2014,Welwyn Hatfield,116.6720228
2007,West Berkshire,145.4624139
2008,West Berkshire,124.4187084
2009,West Berkshire,91.09494865
2010,West Berkshire,98.01795667
2011,West Berkshire,146.1409561
2012,West Berkshire,112.5794042
2013,West Berkshire,114.6020127
2014,West Berkshire,96.68474641
2007,West Devon,162.713738
2008,West Devon,148.4427465
2009,West Devon,131.5563655
2010,West Devon,118.7444389
2011,West Devon,108.5624831
2012,West Devon,117.5075587
2013,West Devon,162.5058389
2014,West Devon,110.2014485
2007,West Dorset,131.2177825
2008,West Dorset,110.3376871
2009,West Dorset,102.327381
2010,West Dorset,124.8866385
2011,West Dorset,75.75088628
2012,West Dorset,97.11709265
2013,West Dorset,108.1889667
2014,West Dorset,107.0524773
2007,West Lancashire,136.1255661
2008,West Lancashire,136.5423729
2009,West Lancashire,148.3880215
2010,West Lancashire,146.4665734
2011,West Lancashire,160.6079894
2012,West Lancashire,126.1507051
2013,West Lancashire,155.4768835
2014,West Lancashire,111.894714
2007,West Lindsey,149.0236869
2008,West Lindsey,130.1491441
2009,West Lindsey,142.6159591
2010,West Lindsey,124.1730308
2011,West Lindsey,147.4835995
2012,West Lindsey,152.0894713
2013,West Lindsey,128.3825865
2014,West Lindsey,132.6473043
2007,WEST MIDLANDS,183.1149779
2008,WEST MIDLANDS,170.9546749
2009,WEST MIDLANDS,160.6969681
2010,WEST MIDLANDS,152.3224988
2011,WEST MIDLANDS,152.4537492
2012,WEST MIDLANDS,143.9302904
2013,WEST MIDLANDS,146.8462554
2014,WEST MIDLANDS,139.1244133
2007,West Midlands (Met County),213.4854634
2008,West Midlands (Met County),197.0003285
2009,West Midlands (Met County),181.6181915
2010,West Midlands (Met County),172.9627357
2011,West Midlands (Met County),174.6177077
2012,West Midlands (Met County),163.4605248
2013,West Midlands (Met County),168.146594
2014,West Midlands (Met County),163.8901971
2007,West Oxfordshire,132.4858186
2008,West Oxfordshire,100.4844427
2009,West Oxfordshire,86.51774343
2010,West Oxfordshire,100.7819094
2011,West Oxfordshire,79.84408474
2012,West Oxfordshire,107.6973489
2013,West Oxfordshire,119.4788586
2014,West Oxfordshire,86.45795301
2007,West Somerset,138.9889169
2008,West Somerset,131.0667081
2009,West Somerset,103.5941026
2010,West Somerset,122.1054381
2011,West Somerset,112.3949745
2012,West Somerset,98.35667754
2013,West Somerset,107.4602073
2014,West Somerset,94.26363659
2007,West Sussex,123.9689523
2008,West Sussex,124.7414563
2009,West Sussex,121.0275587
2010,West Sussex,122.9957292
2011,West Sussex,119.0678015
2012,West Sussex,110.6334646
2013,West Sussex,111.3410283
2014,West Sussex,118.2252571
2007,West Yorkshire (Met County),186.6468693
2008,West Yorkshire (Met County),191.2244276
2009,West Yorkshire (Met County),178.9679255
2010,West Yorkshire (Met County),175.8698008
2011,West Yorkshire (Met County),172.6607322
2012,West Yorkshire (Met County),162.6417598
2013,West Yorkshire (Met County),152.0283082
2014,West Yorkshire (Met County),157.4571951
2007,"Westminster, City of",153.2536115
2008,"Westminster, City of",111.4757063
2009,"Westminster, City of",123.3319634
2010,"Westminster, City of",146.6635371
2011,"Westminster, City of",113.8747971
2012,"Westminster, City of",140.2159389
2013,"Westminster, City of",128.4155789
2014,"Westminster, City of",111.8646917
2007,Weymouth and Portland,166.7835597
2008,Weymouth and Portland,192.8807989
2009,Weymouth and Portland,149.5358625
2010,Weymouth and Portland,144.5441448
2011,Weymouth and Portland,101.9109107
2012,Weymouth and Portland,128.4647385
2013,Weymouth and Portland,156.5221983
2014,Weymouth and Portland,106.7378851
2007,Wigan,225.998385
2008,Wigan,213.559326
2009,Wigan,189.2245275
2010,Wigan,169.7293689
2011,Wigan,155.3781506
2012,Wigan,180.6804536
2013,Wigan,158.5087371
2014,Wigan,171.3530916
2007,Wiltshire,130.576561
2008,Wiltshire,142.0249853
2009,Wiltshire,110.1720481
2010,Wiltshire,125.5625713
2011,Wiltshire,119.6334054
2012,Wiltshire,117.4684223
2013,Wiltshire,110.5861658
2014,Wiltshire,109.5822642
2007,Winchester,104.7600324
2008,Winchester,96.09967906
2009,Winchester,93.75573199
2010,Winchester,71.45751569
2011,Winchester,105.4641112
2012,Winchester,78.80089243
2013,Winchester,90.01285306
2014,Winchester,102.4624163
2007,Windsor and Maidenhead,118.0078051
2008,Windsor and Maidenhead,140.797739
2009,Windsor and Maidenhead,131.5559927
2010,Windsor and Maidenhead,119.304453
2011,Windsor and Maidenhead,120.71973
2012,Windsor and Maidenhead,117.0944272
2013,Windsor and Maidenhead,117.8032459
2014,Windsor and Maidenhead,101.6977872
2007,Wirral,201.748462
2008,Wirral,168.3778503
2009,Wirral,178.5050844
2010,Wirral,160.1819033
2011,Wirral,130.5686281
2012,Wirral,142.2887206
2013,Wirral,152.2871263
2014,Wirral,140.087599
2007,Woking,128.0368077
2008,Woking,155.7329756
2009,Woking,81.08180835
2010,Woking,116.0454545
2011,Woking,97.64647541
2012,Woking,75.66229195
2013,Woking,79.97315728
2014,Woking,92.89870292
2007,Wokingham,103.0546645
2008,Wokingham,142.4689602
2009,Wokingham,110.8566229
2010,Wokingham,98.63292409
2011,Wokingham,97.87515516
2012,Wokingham,107.6454726
2013,Wokingham,92.88938665
2014,Wokingham,87.57144293
2007,Wolverhampton,200.0974392
2008,Wolverhampton,202.6069755
2009,Wolverhampton,182.3711558
2010,Wolverhampton,197.5066648
2011,Wolverhampton,172.4605794
2012,Wolverhampton,169.7853064
2013,Wolverhampton,159.9804136
2014,Wolverhampton,181.7727246
2007,Worcester,216.1200219
2008,Worcester,194.3997621
2009,Worcester,170.6529627
2010,Worcester,148.7252818
2011,Worcester,127.804897
2012,Worcester,148.4965062
2013,Worcester,128.9473821
2014,Worcester,138.4483971
2007,Worcestershire,149.0779994
2008,Worcestershire,138.771658
2009,Worcestershire,144.3404996
2010,Worcestershire,131.1119307
2011,Worcestershire,133.1089586
2012,Worcestershire,125.7234536
2013,Worcestershire,129.0286626
2014,Worcestershire,117.0964993
2007,Worthing,155.1556553
2008,Worthing,149.8988898
2009,Worthing,151.2857387
2010,Worthing,160.6485161
2011,Worthing,129.8886843
2012,Worthing,152.3464362
2013,Worthing,153.4320884
2014,Worthing,147.4882024
2007,Wychavon,92.5641527
2008,Wychavon,109.5087837
2009,Wychavon,129.9779562
2010,Wychavon,115.8283648
2011,Wychavon,118.6108813
2012,Wychavon,105.0422476
2013,Wychavon,106.995143
2014,Wychavon,106.2006364
2007,Wycombe,132.0638262
2008,Wycombe,124.9696307
2009,Wycombe,120.5309504
2010,Wycombe,107.2719805
2011,Wycombe,152.7779544
2012,Wycombe,103.0323538
2013,Wycombe,94.57362252
2014,Wycombe,99.39197912
2007,Wyre,180.8433674
2008,Wyre,145.0938014
2009,Wyre,133.8209981
2010,Wyre,131.744247
2011,Wyre,149.5119793
2012,Wyre,155.7815092
2013,Wyre,144.6229728
2014,Wyre,159.9639352
2007,Wyre Forest,168.0030461
2008,Wyre Forest,149.7994991
2009,Wyre Forest,163.4200719
2010,Wyre Forest,151.6441761
2011,Wyre Forest,154.9126422
2012,Wyre Forest,137.6997463
2013,Wyre Forest,161.4889819
2014,Wyre Forest,111.0839177
2007,York,139.3781859
2008,York,121.735628
2009,York,139.8473696
2010,York,127.2045934
2011,York,160.5241584
2012,York,143.7330027
2013,York,141.7451375
2014,York,105.6712667
2007,YORKSHIRE AND THE HUMBER,180.8170643
2008,YORKSHIRE AND THE HUMBER,179.4851067
2009,YORKSHIRE AND THE HUMBER,168.6544685
2010,YORKSHIRE AND THE HUMBER,162.2922093
2011,YORKSHIRE AND THE HUMBER,162.8364631
2012,YORKSHIRE AND THE HUMBER,153.1555218
2013,YORKSHIRE AND THE HUMBER,145.7856812
2014,YORKSHIRE AND THE HUMBER,148.8862593
